matrix,iteration,changed_rate,mean_abs_rcs_shift
fluid,1,0,0.020173024596271162
fluid,2,0,0.04022747288318757
fluid,3,0,0.05973311543520255
fluid,4,0,0.03462057517230176
fluid,5,0,0.0478587943098306
fluid,6,0,0.03232055766280327
fluid,7,0,0.026260611490768512
fluid,8,0,0.037048513195152254
fluid,9,0,0.0343101830661778
fluid,10,0,0.07203920456948766
fluid,11,0,0.02683620304647633
fluid,12,0,0.02436692411349644
fluid,13,0,0.012347470878327854
fluid,14,0,0.039150389278153966
fluid,15,0,0.05012549524527789
fluid,16,0,0.048255186197199935
fluid,17,0,0.052997697266841226
fluid,18,0,0.03459845493707012
fluid,19,0,0.051503334424218165
fluid,20,0,0.08725204757893949
fluid,21,0,0.06379295991723449
fluid,22,0,0.04326814243794591
fluid,23,0,0.035425911894525555
fluid,24,0,0.029547700416675794
fluid,25,0,0.04249552655074581
fluid,26,0,0.026343815219387223
fluid,27,0,0.06134404770220557
fluid,28,0,0.045552257204846486
fluid,29,0,0.060177180711126016
fluid,30,0,0.03127028904371042
fluid,31,0,0.052094525070059475
fluid,32,0,0.025210960567462023
fluid,33,0,0.04985372589425384
fluid,34,0,0.05458164162037954
fluid,35,0,0.06122985085978492
fluid,36,0,0.05891257555133099
fluid,37,0,0.02501581985895818
fluid,38,0,0.023533031189563076
fluid,39,0,0.030579027275472754
fluid,40,0,0.048640360160915774
fluid,41,0,0.026054414022092232
fluid,42,0,0.05028933408259471
fluid,43,0,0.033324789479149276
fluid,44,0,0.0684675330621268
fluid,45,0,0.032040599586356105
fluid,46,0,0.03390402815132546
fluid,47,0,0.04160225962073706
fluid,48,0,0.025944173863511125
fluid,49,0,0.05018960222292253
fluid,50,0,0.05570421847765971
fluid,51,0,0.03934832503707261
fluid,52,0,0.07589923961577236
fluid,53,0,0.03288049039900031
fluid,54,0,0.09437555169482956
fluid,55,0,0.05739835285269059
fluid,56,0,0.04544151787853842
fluid,57,0,0.05304975669635917
fluid,58,0,0.04668167385605149
fluid,59,0,0.0720514914929105
fluid,60,0,0.053684664146032915
fluid,61,0,0.06896396617863988
fluid,62,0,0.03533092019081647
fluid,63,0,0.07307257993080164
fluid,64,0,0.04462297078118107
fluid,65,0,0.05174417263999041
fluid,66,0,0.02604219958981025
fluid,67,0,0.04680451570496861
fluid,68,0,0.05743047709607896
fluid,69,0,0.032025180397435495
fluid,70,0,0.029308627853487125
fluid,71,0,0.029864717384334837
fluid,72,0,0.05901085688559287
fluid,73,0,0.033980803761372115
fluid,74,0,0.020322776370762356
fluid,75,0,0.04743829523857156
fluid,76,0,0.03789144794009321
fluid,77,0,0.038731307862490835
fluid,78,0,0.06782996261647714
fluid,79,0,0.045650850465471224
fluid,80,0,0.04481328952484867
fluid,81,0,0.046712318675063556
fluid,82,0,0.04086969996393876
fluid,83,0,0.061993115285937206
fluid,84,0,0.03552729259697121
fluid,85,0,0.07212751588675445
fluid,86,0,0.03514970455674711
fluid,87,0,0.08016280368710435
fluid,88,0,0.03431069119108204
fluid,89,0,0.047143347473873956
fluid,90,0,0.04306829105746348
fluid,91,0,0.035661198759255316
fluid,92,0,0.028672186365442342
fluid,93,0,0.050564548451607794
fluid,94,0,0.038346801968172625
fluid,95,0,0.06957508327872185
fluid,96,0,0.054221811078877136
fluid,97,0,0.06654731670667734
fluid,98,0,0.05816870692025843
fluid,99,0,0.047228734768194454
fluid,100,0,0.043655536190573184
fluid,101,0,0.032895273596312107
fluid,102,0,0.03672869249128891
fluid,103,0,0.03566852329750851
fluid,104,0,0.048315318539609436
fluid,105,0,0.06338517471031789
fluid,106,0,0.04777002151759058
fluid,107,0,0.07764848799914406
fluid,108,0,0.04501441028756825
fluid,109,0,0.025003277748375838
fluid,110,0,0.07610383688188022
fluid,111,0,0.06156079059515828
fluid,112,0,0.05671664123704946
fluid,113,0,0.07417412425890074
fluid,114,0,0.05410255865279184
fluid,115,0,0.07891151481852332
fluid,116,0,0.03986947094863362
fluid,117,0,0.07717627525487414
fluid,118,0,0.04048730347490612
fluid,119,0,0.031107329112324906
fluid,120,0,0.10012691641841404
fluid,121,0,0.0378677785653787
fluid,122,0,0.035973350808238325
fluid,123,0,0.024862751013864825
fluid,124,0,0.026353677464731648
fluid,125,0,0.059763203345661424
fluid,126,0,0.05103667433715618
fluid,127,0,0.10374748278349023
fluid,128,0,0.03639142148075723
fluid,129,0,0.022715654850517367
fluid,130,0,0.03734599587029102
fluid,131,0,0.06929724958223105
fluid,132,0,0.04132176542570947
fluid,133,0,0.08665191433707047
fluid,134,0,0.036369098660865615
fluid,135,0,0.05821984345169472
fluid,136,0,0.06145871014276838
fluid,137,0,0.021618990453366863
fluid,138,0,0.0414918744229761
fluid,139,0,0.05311166675064179
fluid,140,0,0.03360917931167356
fluid,141,0,0.042240144412015214
fluid,142,0,0.04708393574066139
fluid,143,0,0.049440492728289175
fluid,144,0,0.10302314224462233
fluid,145,0,0.044207662069332854
fluid,146,0,0.061694035919012395
fluid,147,0,0.03800984300308674
fluid,148,0,0.055475695661543215
fluid,149,0,0.03697973360460115
fluid,150,0,0.03199575327992693
fluid,151,0,0.02198094472677913
fluid,152,0,0.08433047734984048
fluid,153,0,0.022026351658597607
fluid,154,0,0.028654788772448002
fluid,155,0,0.051478215655100794
fluid,156,0,0.04906631089111253
fluid,157,0,0.05231823907964524
fluid,158,0,0.04923208173291016
fluid,159,0,0.01950721378192324
fluid,160,0,0.033289105847893796
fluid,161,0,0.03210517576065887
fluid,162,0,0.028795231439669878
fluid,163,0,0.06882758971359804
fluid,164,0,0.0378677316416331
fluid,165,0,0.0685614257007459
fluid,166,0,0.05325877913953326
fluid,167,0,0.05420976494483449
fluid,168,0,0.02402798854657121
fluid,169,0,0.04052945668577197
fluid,170,0,0.051162852916237955
fluid,171,0,0.025015008927555697
fluid,172,0,0.061132158331867484
fluid,173,0,0.08149996906502993
fluid,174,0,0.029637998104702006
fluid,175,0,0.08862810764701937
fluid,176,0,0.041171277181457216
fluid,177,0,0.023376263470202645
fluid,178,0,0.06483122384949952
fluid,179,0,0.03143329931381058
fluid,180,0,0.04481001395414725
fluid,181,0,0.040163956421968634
fluid,182,0,0.039726018039758546
fluid,183,0,0.04121307111464468
fluid,184,0,0.029124350144680677
fluid,185,0,0.035674076976038006
fluid,186,0,0.025633377803959575
fluid,187,0,0.04057090454835296
fluid,188,0,0.048805742409164764
fluid,189,0,0.0191050274873502
fluid,190,0,0.04606181634547242
fluid,191,0,0.03360623850147107
fluid,192,0,0.027990970089696646
fluid,193,0,0.01956904143631398
fluid,194,0,0.01791337642172924
fluid,195,0,0.04502000332461544
fluid,196,0,0.05838482654120247
fluid,197,0,0.03274082147214793
fluid,198,0,0.06998755329541893
fluid,199,0,0.03424846076766741
fluid,200,0,0.03028231148123514
fluid,201,0,0.07092814333224455
fluid,202,0,0.06580473327714792
fluid,203,0,0.03612505552986185
fluid,204,0,0.04751405018935402
fluid,205,0,0.06605315333594938
fluid,206,0,0.05543846485755201
fluid,207,0,0.014192262769817545
fluid,208,0,0.039041266388831375
fluid,209,0,0.09590970258112796
fluid,210,0,0.056972487172377496
fluid,211,0,0.04965434163889751
fluid,212,0,0.04749713551205557
fluid,213,0,0.051111643076459955
fluid,214,0,0.06040475704331618
fluid,215,0,0.031301723374438796
fluid,216,0,0.07550956022645405
fluid,217,0,0.03333868774336
fluid,218,0,0.07158860622982115
fluid,219,0,0.030823788164008634
fluid,220,0,0.044343684553087584
fluid,221,0,0.04920191134740504
fluid,222,0,0.03447888483944253
fluid,223,0,0.06187650067927569
fluid,224,0,0.02122344171193754
fluid,225,0,0.04704676650216061
fluid,226,0,0.051972614953330394
fluid,227,0,0.03459165977506041
fluid,228,0,0.04160227292210702
fluid,229,0,0.030256494180908915
fluid,230,0,0.04372405223987255
fluid,231,0,0.04016029216435933
fluid,232,0,0.051433789597277436
fluid,233,0,0.033593220407260364
fluid,234,0,0.033150749304177794
fluid,235,0,0.05208986471466595
fluid,236,0,0.09029851526811977
fluid,237,0,0.035581109512547456
fluid,238,0,0.04778386704933545
fluid,239,0,0.03732636835086589
fluid,240,0,0.04833599946149666
fluid,241,0,0.0737092348295024
fluid,242,0,0.0758456861056343
fluid,243,0,0.03485919030717645
fluid,244,0,0.04474091781781888
fluid,245,0,0.03788902708189085
fluid,246,0,0.05477393975037782
fluid,247,0,0.031164533040161316
fluid,248,0,0.053143273703778277
fluid,249,0,0.02799485369668855
fluid,250,0,0.06852186634233054
fluid,251,0,0.0335474171240827
fluid,252,0,0.03004630337578085
fluid,253,0,0.03462674773429741
fluid,254,0,0.02706912453063022
fluid,255,0,0.053742296164228535
fluid,256,0,0.03704537739433646
fluid,257,0,0.021190497081331403
fluid,258,0,0.01787952574457974
fluid,259,0,0.041976437754420386
fluid,260,0,0.04278822421313951
fluid,261,0,0.06280268393612609
fluid,262,0,0.029797175069262296
fluid,263,0,0.05251229446200308
fluid,264,0,0.037230690031444386
fluid,265,0,0.04556379731270184
fluid,266,0,0.033705923420941745
fluid,267,0,0.0413936008516487
fluid,268,0,0.05470583865698335
fluid,269,0,0.04210994931111858
fluid,270,0,0.04939661748261329
fluid,271,0,0.05094579441954873
fluid,272,0,0.10013179659520564
fluid,273,0,0.06807690998740015
fluid,274,0,0.06424428723383059
fluid,275,0,0.034463001213061874
fluid,276,0,0.032803186707195724
fluid,277,0,0.0539652570331282
fluid,278,0,0.039651905310320985
fluid,279,0,0.04356290294138056
fluid,280,0,0.06244073431710447
fluid,281,0,0.05223422472536861
fluid,282,0,0.0347703152616149
fluid,283,0,0.09392117716102663
fluid,284,0,0.05153824986842936
fluid,285,0,0.0326908317234236
fluid,286,0,0.078305757114228
fluid,287,0,0.05074704307687388
fluid,288,0,0.06147218395916373
fluid,289,0,0.06477221607298465
fluid,290,0,0.031953675533590256
fluid,291,0,0.11032101875975642
fluid,292,0,0.053149008006186195
fluid,293,0,0.07008976281844774
fluid,294,0,0.02034798283767404
fluid,295,0,0.05889750526035631
fluid,296,0,0.07439672558133245
fluid,297,0,0.03307147589003653
fluid,298,0,0.05718674440815859
fluid,299,0,0.05376389176595155
fluid,300,0,0.02925965375543808
fluid,301,0,0.03606721920410152
fluid,302,0,0.06760460584831342
fluid,303,0,0.020639668367566713
fluid,304,0,0.039305811914659414
fluid,305,0,0.01939293145980055
fluid,306,0,0.03268201804851038
fluid,307,0,0.031683501729240206
fluid,308,0,0.0686780450309564
fluid,309,0,0.03856628955429977
fluid,310,0,0.0466756552598911
fluid,311,0,0.04013926139516703
fluid,312,0,0.020130997720660886
fluid,313,0,0.0292594159293283
fluid,314,0,0.0349290577281097
fluid,315,0,0.03859550361344954
fluid,316,0,0.050270427093229854
fluid,317,0,0.06032732079334123
fluid,318,0,0.03757783208389063
fluid,319,0,0.0370946302356178
fluid,320,0,0.06288031839963071
fluid,321,0,0.032054452593873135
fluid,322,0,0.032444727492552845
fluid,323,0,0.02556070121101608
fluid,324,0,0.03525024530462976
fluid,325,0,0.049585091484744326
fluid,326,0,0.023222374646929396
fluid,327,0,0.06200984407886398
fluid,328,0,0.029983311644442238
fluid,329,0,0.024695867307969962
fluid,330,0,0.0663390935100989
fluid,331,0,0.0331557597177775
fluid,332,0,0.06749203815411665
fluid,333,0,0.05336016684480237
fluid,334,0,0.052816909711705974
fluid,335,0,0.044382883557817235
fluid,336,0,0.03555705767137322
fluid,337,0,0.03784931260950789
fluid,338,0,0.04622740092210377
fluid,339,0,0.03651337351977758
fluid,340,0,0.046456311165921346
fluid,341,0,0.06911709449775605
fluid,342,0,0.06242146217112862
fluid,343,0,0.04350441381002459
fluid,344,0,0.05880652530613038
fluid,345,0,0.009864389649775972
fluid,346,0,0.04572226535452967
fluid,347,0,0.0704449528699326
fluid,348,0,0.031056536595032838
fluid,349,0,0.009639142091854225
fluid,350,0,0.01953616351310687
fluid,351,0,0.04163216039763363
fluid,352,0,0.03390489110873915
fluid,353,0,0.04450250984080456
fluid,354,0,0.005083356272577831
fluid,355,0,0.023603900555074546
fluid,356,0,0.060739260276514204
fluid,357,0,0.07396983843096384
fluid,358,0,0.03945730665714262
fluid,359,0,0.030185889882211315
fluid,360,0,0.0284312302971764
fluid,361,0,0.057209017081621454
fluid,362,0,0.03403279162777996
fluid,363,0,0.05352971110550641
fluid,364,0,0.07316296745450397
fluid,365,0,0.04620015930949538
fluid,366,0,0.06018760879892001
fluid,367,0,0.04611730916915538
fluid,368,0,0.03910871933697894
fluid,369,0,0.025328955843321368
fluid,370,0,0.02399343968584391
fluid,371,0,0.027119240257605582
fluid,372,0,0.04562157491942321
fluid,373,0,0.02377156735015741
fluid,374,0,0.06834992663528282
fluid,375,0,0.03952702769419866
fluid,376,0,0.07893225634683457
fluid,377,0,0.00719015301710273
fluid,378,0,0.03950198502415397
fluid,379,0,0.03375770642002007
fluid,380,0,0.03721254944321539
fluid,381,0,0.05514480512498295
fluid,382,0,0.03944281574599492
fluid,383,0,0.03510765376183944
fluid,384,0,0.015700033345831726
fluid,385,0,0.042367355788490144
fluid,386,0,0.035921885712658794
fluid,387,0,0.033744751519754215
fluid,388,0,0.015037780956665543
fluid,389,0,0.02553001594458341
fluid,390,0,0.06371925524077136
fluid,391,0,0.06954717878671712
fluid,392,0,0.0602814836234891
fluid,393,0,0.03590490202132689
fluid,394,0,0.0724311569891931
fluid,395,0,0.022701462038305094
fluid,396,0,0.05548410651220539
fluid,397,0,0.053967563894951484
fluid,398,0,0.021863549944654635
fluid,399,0,0.04857799307477983
fluid,400,0,0.04582248469899342
fluid,401,0,0.03506384567785753
fluid,402,0,0.04653462917115497
fluid,403,0,0.05210345279193406
fluid,404,0,0.008100152438839459
fluid,405,0,0.016673443309186537
fluid,406,0,0.038650268133378914
fluid,407,0,0.04432707357562189
fluid,408,0,0.023121910479982917
fluid,409,0,0.04070960248276705
fluid,410,0,0.021693445027238013
fluid,411,0,0.07048845556709592
fluid,412,0,0.03349603765442262
fluid,413,0,0.037639264944835264
fluid,414,0,0.024682558742532435
fluid,415,0,0.04857564049720369
fluid,416,0,0.068883394942521
fluid,417,0,0.07953913272717117
fluid,418,0,0.04191197447049345
fluid,419,0,0.042538777625688286
fluid,420,0,0.08339901015842287
fluid,421,0,0.019007421550761534
fluid,422,0,0.03555359193579463
fluid,423,0,0.03567097465490339
fluid,424,0,0.08236856823599817
fluid,425,0,0.053826727201150504
fluid,426,0,0.10417688755648978
fluid,427,0,0.039450032074673944
fluid,428,0,0.013903523654996988
fluid,429,0,0.04604421105034731
fluid,430,0,0.05555474231905124
fluid,431,0,0.029202772500115985
fluid,432,0,0.037195217723704106
fluid,433,0,0.05646140491107045
fluid,434,0,0.11732618661940064
fluid,435,0,0.03736385371493958
fluid,436,0,0.028881913665683143
fluid,437,0,0.08652666631196264
fluid,438,0,0.07245682231128316
fluid,439,0,0.032084074404840325
fluid,440,0,0.0563189382568125
fluid,441,0,0.045668601907748
fluid,442,0,0.027634668791210244
fluid,443,0,0.03102275593230135
fluid,444,0,0.054649980693416
fluid,445,0,0.04469999668824639
fluid,446,0,0.03836324713498978
fluid,447,0,0.0323136924364068
fluid,448,0,0.050472289290899156
fluid,449,0,0.03431436788926621
fluid,450,0,0.03928922539571657
fluid,451,0,0.039653298292129546
fluid,452,0,0.039913727771961977
fluid,453,0,0.03162516747823373
fluid,454,0,0.030854318489990505
fluid,455,0,0.03396821652707301
fluid,456,0,0.04143482660401125
fluid,457,0,0.03933981995787377
fluid,458,0,0.02469570477606007
fluid,459,0,0.06915858393444262
fluid,460,0,0.05738845987120428
fluid,461,0,0.09151952140587001
fluid,462,0,0.0434672681143348
fluid,463,0,0.07803265249817302
fluid,464,0,0.059348002361982864
fluid,465,0,0.07632047976279281
fluid,466,0,0.025916151888607585
fluid,467,0,0.053954543872215606
fluid,468,0,0.08169657997427333
fluid,469,0,0.015805543135741573
fluid,470,0,0.03840190807400603
fluid,471,0,0.023863388853270294
fluid,472,0,0.0346006634004365
fluid,473,0,0.047454694594668285
fluid,474,0,0.030492803017041426
fluid,475,0,0.04615934749330256
fluid,476,0,0.06793842117609186
fluid,477,0,0.05845354361342574
fluid,478,0,0.031949321035001546
fluid,479,0,0.033644383987993055
fluid,480,0,0.07331085222557321
fluid,481,0,0.02950245231225989
fluid,482,0,0.05473297245458952
fluid,483,0,0.04116069832529069
fluid,484,0,0.04510823071681968
fluid,485,0,0.07335169946137574
fluid,486,0,0.07311842468217188
fluid,487,0,0.030045531435142776
fluid,488,0,0.058231623644910996
fluid,489,0,0.0428732818598521
fluid,490,0,0.039885654998058455
fluid,491,0,0.05944442182272742
fluid,492,0,0.06190687175676263
fluid,493,0,0.045466039752518714
fluid,494,0,0.055361971285697704
fluid,495,0,0.032046659818696054
fluid,496,0,0.021636509649434074
fluid,497,0,0.055402196956505494
fluid,498,0,0.01181709281503791
fluid,499,0,0.047174714372196745
fluid,500,0,0.03376681694353175
fluid,501,0,0.01682291288760797
fluid,502,0,0.03712678221037015
fluid,503,0,0.028277219253331154
fluid,504,0,0.020123602579214746
fluid,505,0,0.032270912013006664
fluid,506,0,0.03570861495935418
fluid,507,0,0.05747347832517103
fluid,508,0,0.059537805887828456
fluid,509,0,0.0407627550730727
fluid,510,0,0.03543043673158621
fluid,511,0,0.06631745322474833
fluid,512,0,0.03389439056651881
fluid,513,0,0.03423325005333753
fluid,514,0,0.07683703549946266
fluid,515,0,0.08241098036439842
fluid,516,0,0.02502094836490926
fluid,517,0,0.06888517218533627
fluid,518,0,0.03799892984621086
fluid,519,0,0.08512742674094753
fluid,520,0,0.02738008636044461
fluid,521,0,0.06842199154518172
fluid,522,0,0.06007943874278059
fluid,523,0,0.04450438943525835
fluid,524,0,0.023632072471202307
fluid,525,0,0.05861108829021352
fluid,526,0,0.04119886772162366
fluid,527,0,0.06914879083386442
fluid,528,0,0.0651212092676763
fluid,529,0,0.018781663452081588
fluid,530,0,0.06305216451102724
fluid,531,0,0.03229115613299272
fluid,532,0,0.03832720426291231
fluid,533,0,0.0519786874896998
fluid,534,0,0.061526030489422324
fluid,535,0,0.03160450077874312
fluid,536,0,0.04557466128044983
fluid,537,0,0.05194411937493382
fluid,538,0,0.03529519035962586
fluid,539,0,0.03947632673675615
fluid,540,0,0.06962975176543694
fluid,541,0,0.04124771890942513
fluid,542,0,0.06912850205910254
fluid,543,0,0.04372492916299631
fluid,544,0,0.052809134889449896
fluid,545,0,0.02198442058187426
fluid,546,0,0.018636081332006414
fluid,547,0,0.021999810188407153
fluid,548,0,0.029037296621366705
fluid,549,0,0.03910360918016032
fluid,550,0,0.0404828418478599
fluid,551,0,0.032361586914858124
fluid,552,0,0.02362577910281989
fluid,553,0,0.02026683271245146
fluid,554,0,0.017705017290843287
fluid,555,0,0.024889470278400695
fluid,556,0,0.0652900032783728
fluid,557,0,0.017108122086493864
fluid,558,0,0.012069696360023755
fluid,559,0,0.06229344247961916
fluid,560,0,0.07872191631134555
fluid,561,0,0.054203578635227845
fluid,562,0,0.057794155863102346
fluid,563,0,0.035038570845584247
fluid,564,0,0.05282863142682797
fluid,565,0,0.06269238877959772
fluid,566,0,0.05738094608948481
fluid,567,0,0.038819065498468704
fluid,568,0,0.040209607483491665
fluid,569,0,0.024993150732079458
fluid,570,0,0.04475134862857905
fluid,571,0,0.02416934495122787
fluid,572,0,0.04152301720158658
fluid,573,0,0.04012233231918112
fluid,574,0,0.05328622751669241
fluid,575,0,0.036760560776157206
fluid,576,0,0.05787458929696569
fluid,577,0,0.08040537852145822
fluid,578,0,0.029783891607279088
fluid,579,0,0.046988655723308924
fluid,580,0,0.06316193885298571
fluid,581,0,0.03656105367832531
fluid,582,0,0.07265466374694003
fluid,583,0,0.04562620616848092
fluid,584,0,0.05760396654762127
fluid,585,0,0.06428865994082152
fluid,586,0,0.0502813457556912
fluid,587,0,0.07785398851339034
fluid,588,0,0.04873377840205308
fluid,589,0,0.06397646445025883
fluid,590,0,0.043070835731196584
fluid,591,0,0.039365065067497054
fluid,592,0,0.06255468845231182
fluid,593,0,0.059619629802545746
fluid,594,0,0.04281753282372176
fluid,595,0,0.06921613404513745
fluid,596,0,0.022637684371423147
fluid,597,0,0.05609879696505142
fluid,598,0,0.07330118680472536
fluid,599,0,0.023782865840297235
fluid,600,0,0.0496743469670501
fluid,601,0,0.046307177162782154
fluid,602,0,0.04262422376205211
fluid,603,0,0.030451221953395162
fluid,604,0,0.045952389500598316
fluid,605,0,0.030451466137654946
fluid,606,0,0.042014693798483466
fluid,607,0,0.04463936291832139
fluid,608,0,0.027374243918160516
fluid,609,0,0.027972715182089616
fluid,610,0,0.07118664469318799
fluid,611,0,0.07847359577484847
fluid,612,0,0.03983948647833158
fluid,613,0,0.04188547653057897
fluid,614,0,0.04196807304600162
fluid,615,0,0.04663324736713295
fluid,616,0,0.044603783456240505
fluid,617,0,0.05726093781914406
fluid,618,0,0.06750022282450115
fluid,619,0,0.0714304626242451
fluid,620,0,0.046202588638614886
fluid,621,0,0.06298900504401762
fluid,622,0,0.053556410561369276
fluid,623,0,0.04469400249934927
fluid,624,0,0.05554333977789888
fluid,625,0,0.04837786282532208
fluid,626,0,0.04864312236348366
fluid,627,0,0.02620936722545578
fluid,628,0,0.05417155641369269
fluid,629,0,0.05422691175222467
fluid,630,0,0.03395868049406009
fluid,631,0,0.055604133350949186
fluid,632,0,0.03301953974372698
fluid,633,0,0.06999484045685461
fluid,634,0,0.031197766487635944
fluid,635,0,0.06720169168349222
fluid,636,0,0.06923486037110543
fluid,637,0,0.043409762568988326
fluid,638,0,0.055138291134916445
fluid,639,0,0.052140193983178575
fluid,640,0,0.048237280208908925
fluid,641,0,0.06392916646560588
fluid,642,0,0.022002569689328153
fluid,643,0,0.026493877677171596
fluid,644,0,0.026532393885716786
fluid,645,0,0.01810528330691892
fluid,646,0,0.033048429052743446
fluid,647,0,0.059966868317449726
fluid,648,0,0.036861366489305054
fluid,649,0,0.04305542697853516
fluid,650,0,0.043285796460486164
fluid,651,0,0.016232853010415226
fluid,652,0,0.03144533535037163
fluid,653,0,0.06062802259869515
fluid,654,0,0.06843124327664525
fluid,655,0,0.03651492852719275
fluid,656,0,0.04034368875344359
fluid,657,0,0.04304143698305009
fluid,658,0,0.033020895000033024
fluid,659,0,0.03031964257485518
fluid,660,0,0.03778045300667044
fluid,661,0,0.0491561419465489
fluid,662,0,0.041972492507556663
fluid,663,0,0.029705219216976234
fluid,664,0,0.0467073332238443
fluid,665,0,0.045300856193239154
fluid,666,0,0.08020903713059938
fluid,667,0,0.028141390586367564
fluid,668,0,0.03757957611857749
fluid,669,0,0.025189268850646186
fluid,670,0,0.06200550949781927
fluid,671,0,0.03515889929856094
fluid,672,0,0.04846233607790606
fluid,673,0,0.022951336227230897
fluid,674,0,0.06508353983874296
fluid,675,0,0.02158915730962005
fluid,676,0,0.03764539155087948
fluid,677,0,0.043034831607329974
fluid,678,0,0.05951276131348116
fluid,679,0,0.061198454174368935
fluid,680,0,0.08675116178516463
fluid,681,0,0.046696866581898096
fluid,682,0,0.04331333169257677
fluid,683,0,0.05094168871035295
fluid,684,0,0.042914811483970895
fluid,685,0,0.027135463359717504
fluid,686,0,0.049013068258059365
fluid,687,0,0.07473799141916561
fluid,688,0,0.028242894350254715
fluid,689,0,0.02985690909763245
fluid,690,0,0.05809490253339078
fluid,691,0,0.04355174236853441
fluid,692,0,0.05845962235664045
fluid,693,0,0.03010504928284888
fluid,694,0,0.05015707602370665
fluid,695,0,0.07469630682842053
fluid,696,0,0.055595118285825425
fluid,697,0,0.07747397840417046
fluid,698,0,0.06567945157896432
fluid,699,0,0.05318038257868495
fluid,700,0,0.06497050384794067
fluid,701,0,0.03437418372397509
fluid,702,0,0.021446013904380293
fluid,703,0,0.040081352985793246
fluid,704,0,0.04432305254120207
fluid,705,0,0.04652588757835927
fluid,706,0,0.040555976647744234
fluid,707,0,0.06528265488068911
fluid,708,0,0.02747692914462465
fluid,709,0,0.051266103764336296
fluid,710,0,0.0912769472881042
fluid,711,0,0.025574199817365695
fluid,712,0,0.035267230415303885
fluid,713,0,0.03919903664946
fluid,714,0,0.06117277825548554
fluid,715,0,0.03803768690663924
fluid,716,0,0.048540347694045576
fluid,717,0,0.05794213834123309
fluid,718,0,0.022861068120532308
fluid,719,0,0.020317776016752845
fluid,720,0,0.030141939841779063
fluid,721,0,0.04781847859679368
fluid,722,0,0.047309524599606204
fluid,723,0,0.025420164122596914
fluid,724,0,0.06634392877849175
fluid,725,0,0.05961805727349177
fluid,726,0,0.02628928269029669
fluid,727,0,0.033274459737212735
fluid,728,0,0.04422373102519906
fluid,729,0,0.01006337438308536
fluid,730,0,0.03833911208243131
fluid,731,0,0.02184681161211188
fluid,732,0,0.055489269820685055
fluid,733,0,0.07308564509181223
fluid,734,0,0.057689136845873276
fluid,735,0,0.02434767787576051
fluid,736,0,0.042168982630010884
fluid,737,0,0.048027385478196134
fluid,738,0,0.05605184210297928
fluid,739,0,0.041745565931891236
fluid,740,0,0.04404133395160504
fluid,741,0,0.07236896277542469
fluid,742,0,0.0731292519098105
fluid,743,0,0.052859588900894365
fluid,744,0,0.022290838378208506
fluid,745,0,0.031052987548468906
fluid,746,0,0.04066875898411381
fluid,747,0,0.07909999814047158
fluid,748,0,0.03164175411439986
fluid,749,0,0.01606683568436061
fluid,750,0,0.04162526296472241
fluid,751,0,0.04942667789265265
fluid,752,0,0.021905844263020897
fluid,753,0,0.026538531214173433
fluid,754,0,0.05019257623973537
fluid,755,0,0.03313288927174607
fluid,756,0,0.04426617386909833
fluid,757,0,0.056925750887104
fluid,758,0,0.03706139696457329
fluid,759,0,0.029819206075278232
fluid,760,0,0.07148641717037436
fluid,761,0,0.08086360072353183
fluid,762,0,0.040624048983566696
fluid,763,0,0.034432466503742376
fluid,764,0,0.07107393395862724
fluid,765,0,0.07171886657402456
fluid,766,0,0.04191614111251638
fluid,767,0,0.06304963368915155
fluid,768,0,0.025303652585793812
fluid,769,0,0.07019000756564624
fluid,770,0,0.03186959189977684
fluid,771,0,0.04663951908259414
fluid,772,0,0.05684377287015366
fluid,773,0,0.04989305797080705
fluid,774,0,0.052290353922976936
fluid,775,0,0.019473587373037587
fluid,776,0,0.04441672057227893
fluid,777,0,0.03465772830506064
fluid,778,0,0.10141993272267881
fluid,779,0,0.0399580960129923
fluid,780,0,0.006113107308782546
fluid,781,0,0.04994018080330291
fluid,782,0,0.059778919330221274
fluid,783,0,0.013956049025616394
fluid,784,0,0.02225815998305397
fluid,785,0,0.05969936270049534
fluid,786,0,0.09158367763266102
fluid,787,0,0.025878211064836593
fluid,788,0,0.03025541035966104
fluid,789,0,0.04745440350668237
fluid,790,0,0.05357858974368054
fluid,791,0,0.06484774837687304
fluid,792,0,0.064730807613782
fluid,793,0,0.04285191771921173
fluid,794,0,0.06565700845838658
fluid,795,0,0.032401880125453406
fluid,796,0,0.02188239039532995
fluid,797,0,0.05014976532413313
fluid,798,0,0.03025663687527562
fluid,799,0,0.04411791166311903
fluid,800,0,0.023413209990780715
fluid,801,0,0.026557058841087423
fluid,802,0,0.017545216380363583
fluid,803,0,0.07101130726124048
fluid,804,0,0.07815686982214982
fluid,805,0,0.03945317197279104
fluid,806,0,0.05642389952029956
fluid,807,0,0.0729928784761546
fluid,808,0,0.01760402959363698
fluid,809,0,0.03750126256026844
fluid,810,0,0.09785268534393145
fluid,811,0,0.06866963837607122
fluid,812,0,0.04963273384916154
fluid,813,0,0.07185300594050481
fluid,814,0,0.062428501912186435
fluid,815,0,0.02738940908390424
fluid,816,0,0.03401938202443129
fluid,817,0,0.04762574500293026
fluid,818,0,0.0511869466886184
fluid,819,0,0.07434075436934336
fluid,820,0,0.044650224380894346
fluid,821,0,0.038806475090118156
fluid,822,0,0.04388889670371464
fluid,823,0,0.04710023406826238
fluid,824,0,0.035881712806449015
fluid,825,0,0.03255851307000114
fluid,826,0,0.03966414727992971
fluid,827,0,0.04778704642663358
fluid,828,0,0.04919420332168899
fluid,829,0,0.06398094242960656
fluid,830,0,0.07612530672686421
fluid,831,0,0.03073688286809238
fluid,832,0,0.043699820807457414
fluid,833,0,0.025282256018858574
fluid,834,0,0.06385036292351867
fluid,835,0,0.022873838535321652
fluid,836,0,0.03732058432596426
fluid,837,0,0.03713518504395144
fluid,838,0,0.039676459845390456
fluid,839,0,0.02876164304899234
fluid,840,0,0.049724659882660345
fluid,841,0,0.05845194970612211
fluid,842,0,0.04614381933826442
fluid,843,0,0.05987419583393114
fluid,844,0,0.08578870956886835
fluid,845,0,0.03174321824268199
fluid,846,0,0.053875338008647876
fluid,847,0,0.03411472196845379
fluid,848,0,0.033082469759992975
fluid,849,0,0.017709700405243355
fluid,850,0,0.045847508189198735
fluid,851,0,0.0422101695585812
fluid,852,0,0.035042810923757176
fluid,853,0,0.04228441553251433
fluid,854,0,0.015202855420683108
fluid,855,0,0.06635690368702439
fluid,856,0,0.05487426114850672
fluid,857,0,0.07339198512330677
fluid,858,0,0.02768427304701329
fluid,859,0,0.06077183179691934
fluid,860,0,0.022232621400129843
fluid,861,0,0.07705459692406919
fluid,862,0,0.04517134808222393
fluid,863,0,0.07222257604774686
fluid,864,0,0.019216231129814645
fluid,865,0,0.07066416770628768
fluid,866,0,0.022692993977474017
fluid,867,0,0.06445632620871604
fluid,868,0,0.044933796365143136
fluid,869,0,0.0402826852940164
fluid,870,0,0.12503172310178529
fluid,871,0,0.058719666143921725
fluid,872,0,0.04833548843330807
fluid,873,0,0.03440961257525487
fluid,874,0,0.05120557652300519
fluid,875,0,0.028281354645690912
fluid,876,0,0.03757622110226779
fluid,877,0,0.039396304695507096
fluid,878,0,0.020183272345182687
fluid,879,0,0.029198384940700792
fluid,880,0,0.03878417632431423
fluid,881,0,0.02000753901594713
fluid,882,0,0.014812103617907468
fluid,883,0,0.045225836416678024
fluid,884,0,0.0671105340842628
fluid,885,0,0.0775797966997587
fluid,886,0,0.07647395105958057
fluid,887,0,0.039256874501171636
fluid,888,0,0.03525778071864708
fluid,889,0,0.0428347001889593
fluid,890,0,0.072826425482584
fluid,891,0,0.020138139878318924
fluid,892,0,0.03683483610757088
fluid,893,0,0.06437425931976828
fluid,894,0,0.03807144952176917
fluid,895,0,0.028587590913202277
fluid,896,0,0.028866779368168862
fluid,897,0,0.05024362158291167
fluid,898,0,0.04101523961930396
fluid,899,0,0.04153165261214721
fluid,900,0,0.0485831332032334
fluid,901,0,0.04393246760125142
fluid,902,0,0.03620591832453253
fluid,903,0,0.03735741021488859
fluid,904,0,0.0863870965180636
fluid,905,0,0.03477501319397868
fluid,906,0,0.05454417774474834
fluid,907,0,0.046992142808125865
fluid,908,0,0.07209452617175632
fluid,909,0,0.020920369209285056
fluid,910,0,0.05446901242641799
fluid,911,0,0.040838397998160345
fluid,912,0,0.021257232711958167
fluid,913,0,0.08757041489850045
fluid,914,0,0.04147096977097758
fluid,915,0,0.08116251335369475
fluid,916,0,0.07404891434949762
fluid,917,0,0.02677966364647402
fluid,918,0,0.042561707613974493
fluid,919,0,0.040048844405749864
fluid,920,0,0.08262658885365812
fluid,921,0,0.03425310159374703
fluid,922,0,0.03584651098120978
fluid,923,0,0.04936701050808132
fluid,924,0,0.039767111443539574
fluid,925,0,0.03784297569743113
fluid,926,0,0.0271959047144138
fluid,927,0,0.07552502489562762
fluid,928,0,0.03276444518997782
fluid,929,0,0.04078642205175663
fluid,930,0,0.04378730415499263
fluid,931,0,0.03378326609775193
fluid,932,0,0.07301371332635845
fluid,933,0,0.05403554059880359
fluid,934,0,0.032913917914962156
fluid,935,0,0.094878173465182
fluid,936,0,0.08491328817415228
fluid,937,0,0.05586805945831364
fluid,938,0,0.053547916199248265
fluid,939,0,0.041356277739137026
fluid,940,0,0.014587275997350489
fluid,941,0,0.041692780346883763
fluid,942,0,0.04098714064188934
fluid,943,0,0.07252563855545477
fluid,944,0,0.06315859384664864
fluid,945,0,0.08804154123587532
fluid,946,0,0.032616540236448145
fluid,947,0,0.029022634041047764
fluid,948,0,0.026614718466413365
fluid,949,0,0.0733373826848624
fluid,950,0,0.029530987571869404
fluid,951,0,0.01369212448776085
fluid,952,0,0.06429015122886383
fluid,953,0,0.05773688259065248
fluid,954,0,0.051630496369521876
fluid,955,0,0.06222889444149871
fluid,956,0,0.0839113922170533
fluid,957,0,0.041091557381850476
fluid,958,0,0.07513298014456583
fluid,959,0,0.08570013506715768
fluid,960,0,0.041908448722139884
fluid,961,0,0.03266245266068131
fluid,962,0,0.05226367721143521
fluid,963,0,0.025809703787357165
fluid,964,0,0.03327847445379432
fluid,965,0,0.026780934486471026
fluid,966,0,0.043981310775789755
fluid,967,0,0.037645908979629585
fluid,968,0,0.04722656845810512
fluid,969,0,0.044973642246227456
fluid,970,0,0.031865191267474655
fluid,971,0,0.040286366545778565
fluid,972,0,0.0719661223469969
fluid,973,0,0.02654671904786727
fluid,974,0,0.08881273799659123
fluid,975,0,0.0627454784580149
fluid,976,0,0.012719728506124512
fluid,977,0,0.047329190574498456
fluid,978,0,0.049303950921358475
fluid,979,0,0.03770408273206878
fluid,980,0,0.03556307261009248
fluid,981,0,0.033499441654193884
fluid,982,0,0.042318101262816925
fluid,983,0,0.0343266688330868
fluid,984,0,0.048604912592875735
fluid,985,0,0.025492538333586764
fluid,986,0,0.014912814792499418
fluid,987,0,0.00558479640192364
fluid,988,0,0.04297534646705816
fluid,989,0,0.04303937043233104
fluid,990,0,0.037231881219276605
fluid,991,0,0.04152244774445127
fluid,992,0,0.028835994106709634
fluid,993,0,0.0719769604131757
fluid,994,0,0.07356548825950181
fluid,995,0,0.07683744335428276
fluid,996,0,0.08804421745405584
fluid,997,0,0.025818344365886817
fluid,998,0,0.02528735970871459
fluid,999,0,0.049179464374766016
fluid,1000,0,0.04332299789168773
solid,1,0,0.03000405756856077
solid,2,0.002,0.06703283396420025
solid,3,0,0.05156921720349433
solid,4,0.002,0.0519396684897977
solid,5,0.002,0.048673875903422495
solid,6,0.002,0.041895348885084546
solid,7,0,0.03571108748077628
solid,8,0,0.021913628101634074
solid,9,0,0.03216932257909822
solid,10,0,0.027420035046229158
solid,11,0,0.05319541183031627
solid,12,0.002,0.022104700616520475
solid,13,0,0.02589812905965691
solid,14,0.002,0.04051028676830017
solid,15,0,0.04843759821924793
solid,16,0,0.02947072795075455
solid,17,0.002,0.048362050722538415
solid,18,0,0.05407455644062189
solid,19,0.002,0.024180317391155413
solid,20,0.002,0.052665332725802844
solid,21,0,0.03472685540479598
solid,22,0.002,0.04045739219631888
solid,23,0,0.03427490664478377
solid,24,0.002,0.0680530152544655
solid,25,0.002,0.03401371758318039
solid,26,0,0.052963837490869706
solid,27,0,0.043795208953868736
solid,28,0.002,0.059510573425522406
solid,29,0,0.07226651147702277
solid,30,0,0.035495775565977966
solid,31,0,0.02784392374991417
solid,32,0.002,0.026464397752790803
solid,33,0,0.06840065622649022
solid,34,0,0.06308094816867753
solid,35,0,0.027095041331294156
solid,36,0,0.02571244213280977
solid,37,0.002,0.05389019562918746
solid,38,0,0.04595191792533743
solid,39,0.002,0.038483648539052555
solid,40,0.002,0.05324156847699811
solid,41,0.002,0.03123475748783352
solid,42,0.002,0.04616701331275392
solid,43,0,0.041893271250572996
solid,44,0,0.07183018965783709
solid,45,0.002,0.04318951631796736
solid,46,0,0.05075908595295462
solid,47,0,0.05212347405334938
solid,48,0,0.048550310665546374
solid,49,0,0.03637031225353051
solid,50,0,0.031606312436782656
solid,51,0.002,0.04550208706038228
solid,52,0,0.06968400299803144
solid,53,0.002,0.07567754729363164
solid,54,0,0.045090664538851556
solid,55,0,0.02115470777519734
solid,56,0.002,0.03194049938483101
solid,57,0.002,0.05975845730966451
solid,58,0.002,0.06807491417648297
solid,59,0.002,0.07890546715008892
solid,60,0,0.0496438501294159
solid,61,0,0.0606120057484006
solid,62,0.002,0.04159738126534603
solid,63,0.002,0.08279333695961955
solid,64,0,0.04187716517213319
solid,65,0,0.027335701500192926
solid,66,0,0.05157561618734994
solid,67,0,0.06451100740327001
solid,68,0.002,0.0665566862062152
solid,69,0,0.03697846253354375
solid,70,0.002,0.0521107749045413
solid,71,0.002,0.06968210984160154
solid,72,0,0.046416367140406395
solid,73,0.002,0.04091593230217292
solid,74,0,0.05983521941617332
solid,75,0,0.05303384087576936
solid,76,0.002,0.04908954935814877
solid,77,0.002,0.04364195149057817
solid,78,0.004,0.08700239084054824
solid,79,0.002,0.07683990309794395
solid,80,0.002,0.04125299954209261
solid,81,0.002,0.03578528906966186
solid,82,0,0.03175117447055452
solid,83,0.002,0.07822316751195647
solid,84,0.002,0.03097360537894008
solid,85,0,0.022259080758464094
solid,86,0,0.032668150276422794
solid,87,0,0.04077676564380123
solid,88,0,0.042933364358893146
solid,89,0.002,0.05725785139146008
solid,90,0,0.045084658890481306
solid,91,0,0.029964272465125234
solid,92,0,0.03589135425914762
solid,93,0,0.05844536873246094
solid,94,0,0.04534375800149634
solid,95,0,0.02268058694326132
solid,96,0,0.025303792874625884
solid,97,0.002,0.07372480051479713
solid,98,0.002,0.030625074931796833
solid,99,0.002,0.01722833528145709
solid,100,0,0.015609005661598702
solid,101,0.002,0.05271913882335052
solid,102,0,0.05514469449492263
solid,103,0,0.046151877239654256
solid,104,0.002,0.048957098724539634
solid,105,0.002,0.028869739769478372
solid,106,0.002,0.056492904852486134
solid,107,0,0.04700054770042698
solid,108,0.002,0.06764487219233993
solid,109,0,0.07012720122454467
solid,110,0.002,0.042742295600177956
solid,111,0.002,0.02185476752547028
solid,112,0.002,0.06122436352134642
solid,113,0,0.03418713125514711
solid,114,0.002,0.08020751386801746
solid,115,0,0.04140243049447199
solid,116,0.002,0.05187185477366677
solid,117,0,0.029357935463606
solid,118,0.002,0.027236533219503416
solid,119,0,0.06233647166076956
solid,120,0.002,0.047630008747895886
solid,121,0.002,0.05703602009887615
solid,122,0,0.05852456531515709
solid,123,0.002,0.053448056803697
solid,124,0,0.025622828608757944
solid,125,0.002,0.025607922428623652
solid,126,0,0.03368570692703007
solid,127,0,0.06086892413673867
solid,128,0.002,0.07170082188571776
solid,129,0,0.054884997561488916
solid,130,0.002,0.03167438886026312
solid,131,0,0.0647211329729717
solid,132,0.002,0.023733431960523674
solid,133,0,0.026097198693720812
solid,134,0.002,0.038856845810262344
solid,135,0,0.03174027069648075
solid,136,0,0.02178824993747419
solid,137,0.002,0.025520944009822726
solid,138,0,0.05498984985747734
solid,139,0.002,0.04265664528032825
solid,140,0,0.029125210834338774
solid,141,0,0.05867461016701874
solid,142,0.002,0.026711371774116074
solid,143,0.002,0.049803411584235645
solid,144,0,0.046164479752863995
solid,145,0,0.023298649502907196
solid,146,0,0.033187271856367814
solid,147,0.002,0.033173271105046365
solid,148,0,0.07453356192983678
solid,149,0,0.07006841372331692
solid,150,0.002,0.02452427205778291
solid,151,0.002,0.027728683398559256
solid,152,0,0.031883654516025144
solid,153,0,0.012198333609559527
solid,154,0.002,0.06823981051375581
solid,155,0.002,0.04416927937901555
solid,156,0.002,0.023422655193316714
solid,157,0.002,0.03560249051294997
solid,158,0.002,0.03353927526023048
solid,159,0,0.04045122188952331
solid,160,0,0.03664626533042177
solid,161,0.002,0.026832196973553577
solid,162,0,0.015610894789687734
solid,163,0,0.05419440891334797
solid,164,0,0.0612407169827388
solid,165,0,0.048093384857188115
solid,166,0.002,0.04511003072672564
solid,167,0,0.04048235482597276
solid,168,0.002,0.04865585799316851
solid,169,0,0.012444579496451169
solid,170,0,0.0610515233913287
solid,171,0.002,0.06387061388018357
solid,172,0.002,0.06428894065056381
solid,173,0,0.052972549036673026
solid,174,0.002,0.06451445599491105
solid,175,0,0.046033724163783686
solid,176,0.002,0.0357029047339781
solid,177,0.002,0.05758085445806206
solid,178,0,0.04832626997946953
solid,179,0,0.026400990004309337
solid,180,0,0.0477406859060185
solid,181,0,0.07237027915218262
solid,182,0.002,0.05328607085912182
solid,183,0,0.02414307128485565
solid,184,0.002,0.011074040095452589
solid,185,0.002,0.056065701947745634
solid,186,0.002,0.03364350032855668
solid,187,0.002,0.06515858187288279
solid,188,0.002,0.04275029713685953
solid,189,0,0.028772430593186498
solid,190,0,0.04961269154957564
solid,191,0.002,0.02807476117667112
solid,192,0,0.06448281513773604
solid,193,0.002,0.01518457083116219
solid,194,0.002,0.033143725573634424
solid,195,0,0.04589849158972879
solid,196,0.002,0.052304832088633194
solid,197,0,0.02578680632711527
solid,198,0,0.03529881518470712
solid,199,0,0.033637587530531664
solid,200,0,0.03777143419584485
solid,201,0.002,0.07042575258500486
solid,202,0.002,0.015030413572068383
solid,203,0.002,0.05756529729013019
solid,204,0,0.055108465674070954
solid,205,0,0.02504801695007359
solid,206,0,0.03082638956157044
solid,207,0.002,0.06472189000121233
solid,208,0,0.04948141776523232
solid,209,0.002,0.036090573092811086
solid,210,0.002,0.027548774698379432
solid,211,0.002,0.03895104172989909
solid,212,0,0.042564272423598726
solid,213,0,0.0734739172976659
solid,214,0.002,0.021835001381339154
solid,215,0,0.05452375243015537
solid,216,0,0.039236328658192605
solid,217,0.002,0.04754966863533477
solid,218,0.002,0.023207496216133536
solid,219,0.002,0.029133228121599002
solid,220,0.002,0.059043539166881945
solid,221,0,0.06453821592066358
solid,222,0.002,0.0468715405819926
solid,223,0.002,0.038703753909053416
solid,224,0,0.050477024819817445
solid,225,0.002,0.04651169174088138
solid,226,0,0.03216655721658864
solid,227,0.002,0.035343639090461496
solid,228,0.002,0.016063560989398425
solid,229,0,0.04462616964415302
solid,230,0,0.029921139752064094
solid,231,0,0.03446354648097545
solid,232,0,0.05036035863927717
solid,233,0.002,0.01986019020986231
solid,234,0,0.03819816928090907
solid,235,0.002,0.05679186544459067
solid,236,0.002,0.04028074736027445
solid,237,0,0.031305852789492473
solid,238,0.002,0.046615414823023185
solid,239,0.002,0.04158976848078358
solid,240,0.002,0.043915676929988025
solid,241,0.002,0.08747297260425341
solid,242,0.002,0.07407656458777491
solid,243,0,0.0496641414702447
solid,244,0.002,0.03678018084503542
solid,245,0,0.03365378053757703
solid,246,0.002,0.040934358514228025
solid,247,0,0.05867599423153998
solid,248,0.002,0.03049921464730346
solid,249,0,0.07699573592041563
solid,250,0.002,0.034333275825246985
solid,251,0.002,0.04342504967216289
solid,252,0.002,0.033852899476565
solid,253,0.002,0.01373051975205057
solid,254,0,0.0581801067344953
solid,255,0,0.010664078201326631
solid,256,0.002,0.04335058609831842
solid,257,0.002,0.04855919917881039
solid,258,0,0.02259324288332067
solid,259,0.002,0.04458451427403096
solid,260,0,0.049718584146492446
solid,261,0.002,0.08499786298392402
solid,262,0,0.0330820098262584
solid,263,0,0.08587906230979189
solid,264,0.002,0.05746278922922907
solid,265,0.002,0.04237901002160403
solid,266,0.002,0.0396996576601158
solid,267,0,0.05345576831123155
solid,268,0.002,0.018766039630620086
solid,269,0.002,0.05462525534414774
solid,270,0.002,0.056293659700746713
solid,271,0,0.04779983440236546
solid,272,0,0.060625447308247246
solid,273,0,0.05137645661927676
solid,274,0.002,0.0836357851810603
solid,275,0,0.026515475358944954
solid,276,0.002,0.05996399053075181
solid,277,0,0.06202185762383235
solid,278,0,0.047552324276084704
solid,279,0.002,0.0648224618087724
solid,280,0,0.04671593059394266
solid,281,0.002,0.023022773682725386
solid,282,0,0.042065789760003074
solid,283,0.002,0.04672889585200532
solid,284,0.002,0.03869684340607158
solid,285,0,0.032863533620333
solid,286,0.002,0.05708204652994118
solid,287,0.002,0.05697940251434235
solid,288,0.002,0.0272760667108991
solid,289,0,0.041640982997929045
solid,290,0.002,0.045638721377766374
solid,291,0,0.044462401672935796
solid,292,0,0.06919361725615349
solid,293,0.002,0.03989780911990485
solid,294,0,0.05036176085503165
solid,295,0.002,0.025417411374469283
solid,296,0.002,0.06314943877353299
solid,297,0,0.027111271961324065
solid,298,0.002,0.07639214873929895
solid,299,0.002,0.09178302791350111
solid,300,0.002,0.0417404673777806
solid,301,0,0.043814442631841005
solid,302,0,0.05288288110485867
solid,303,0,0.031453140940849625
solid,304,0,0.036327825031911044
solid,305,0,0.06196634048191187
solid,306,0.002,0.04263859225956303
solid,307,0,0.014466465519190421
solid,308,0.002,0.058790284323032696
solid,309,0,0.026675617616623556
solid,310,0.002,0.06288733515892019
solid,311,0,0.01931989180543772
solid,312,0,0.029052888897800017
solid,313,0.002,0.04719335575322919
solid,314,0.002,0.03041877267728188
solid,315,0.002,0.03563382619822141
solid,316,0,0.04553829781879247
solid,317,0.002,0.023897874864213648
solid,318,0,0.030773204273309474
solid,319,0,0.0526128065711214
solid,320,0,0.028982381814570104
solid,321,0,0.011723363511326084
solid,322,0,0.03679678535776405
solid,323,0.002,0.051400443898323
solid,324,0,0.07124605581285538
solid,325,0.002,0.049483734378274205
solid,326,0,0.025264216678414924
solid,327,0,0.03489996107332029
solid,328,0.002,0.04223061630999335
solid,329,0,0.030701508557202304
solid,330,0,0.02456989913673114
solid,331,0.002,0.05426209024250602
solid,332,0.002,0.022690814758261568
solid,333,0.002,0.03723924947400991
solid,334,0,0.06424552734969909
solid,335,0,0.02928808280007074
solid,336,0.002,0.036978046827869863
solid,337,0.002,0.022572246960941057
solid,338,0,0.05055670207539046
solid,339,0.002,0.0715937108697892
solid,340,0.002,0.03550420034982568
solid,341,0.002,0.0260614784635123
solid,342,0.002,0.037863092897952456
solid,343,0,0.03775589866809535
solid,344,0.002,0.02785959142765891
solid,345,0,0.05905428330943995
solid,346,0.002,0.07950929664890075
solid,347,0.002,0.04254702098886225
solid,348,0,0.04453343551320656
solid,349,0.002,0.05470187754368762
solid,350,0.002,0.03644832207902037
solid,351,0,0.04471670459754469
solid,352,0.002,0.046176242788088503
solid,353,0.002,0.04515305381002946
solid,354,0,0.0504175252675289
solid,355,0.002,0.02781162672972789
solid,356,0,0.012887011585399406
solid,357,0,0.04739549619158572
solid,358,0,0.053657591531770084
solid,359,0,0.05997656995004341
solid,360,0.002,0.04107701209370529
solid,361,0,0.048986597849946564
solid,362,0.002,0.042527149996440375
solid,363,0,0.04461240441957122
solid,364,0.002,0.02388382997052986
solid,365,0,0.01688998215949458
solid,366,0,0.046452892388204145
solid,367,0,0.011701648698091618
solid,368,0.002,0.03876397485987492
solid,369,0,0.05828449576328364
solid,370,0,0.08138600671821158
solid,371,0,0.048312205369306055
solid,372,0,0.04986900331652896
solid,373,0,0.03350872931957141
solid,374,0,0.028305855236354874
solid,375,0,0.03287140377195452
solid,376,0,0.009156004193645274
solid,377,0,0.01626500667798163
solid,378,0.002,0.030115971751623703
solid,379,0,0.034625466493275935
solid,380,0.002,0.044500105521563416
solid,381,0.002,0.05245286740836855
solid,382,0,0.030568566990509752
solid,383,0.002,0.06737062315634111
solid,384,0,0.0401083046136108
solid,385,0.002,0.04216895418334384
solid,386,0,0.037648043257047875
solid,387,0,0.038711924234294044
solid,388,0.002,0.04110619979309847
solid,389,0,0.03615431155161843
solid,390,0,0.03849443669774854
solid,391,0,0.05518769741833886
solid,392,0,0.061052875675499704
solid,393,0,0.055869671011422824
solid,394,0,0.03078521053492909
solid,395,0,0.022890889618401845
solid,396,0,0.03400112975577247
solid,397,0,0.029337495449651085
solid,398,0,0.03806178014522545
solid,399,0,0.044413733713193564
solid,400,0,0.054910859517112685
solid,401,0,0.04553199624688601
solid,402,0.002,0.06948030876310675
solid,403,0.002,0.04031258716169592
solid,404,0.002,0.06971732591015636
solid,405,0,0.03286294362962074
solid,406,0.002,0.04011184201117723
solid,407,0.002,0.04054527055021275
solid,408,0,0.0462998180548922
solid,409,0.002,0.04275319960567401
solid,410,0,0.030910694800743797
solid,411,0.002,0.04202555101397599
solid,412,0,0.050642814855335845
solid,413,0,0.05585720247156902
solid,414,0.002,0.03194614904434006
solid,415,0.002,0.06776912726837468
solid,416,0.002,0.03488234276041683
solid,417,0.002,0.043668051176650055
solid,418,0,0.038515632846394414
solid,419,0,0.08075031099108189
solid,420,0,0.0376404202342505
solid,421,0.002,0.0493655954105546
solid,422,0,0.06017738682402384
solid,423,0.002,0.01860742652621859
solid,424,0,0.049590147276941235
solid,425,0,0.04681262003684343
solid,426,0,0.05802444610073853
solid,427,0.002,0.09295511632863439
solid,428,0.002,0.04891999619889099
solid,429,0,0.05341182108459165
solid,430,0,0.05083020142571867
solid,431,0,0.07766464381963971
solid,432,0,0.016053935920446193
solid,433,0.002,0.03934813092708151
solid,434,0.002,0.044389354567749874
solid,435,0,0.034499198589121774
solid,436,0.002,0.034952807051140455
solid,437,0,0.04566986307811966
solid,438,0.002,0.03459141715296083
solid,439,0,0.06366181279890658
solid,440,0.002,0.0566701985550965
solid,441,0,0.01915645635841672
solid,442,0,0.07516713662085407
solid,443,0,0.03385950440853071
solid,444,0,0.043336491682521926
solid,445,0.002,0.05658594973508829
solid,446,0.002,0.0577362146567926
solid,447,0.002,0.04894858696437827
solid,448,0,0.05919890161942811
solid,449,0.002,0.02344086403946797
solid,450,0.002,0.04831803301461716
solid,451,0.002,0.022979656579110993
solid,452,0,0.04158697556040674
solid,453,0,0.061268712460800144
solid,454,0,0.05169927634497161
solid,455,0.002,0.03148674210839316
solid,456,0.002,0.053190705069986265
solid,457,0.002,0.06009435999199643
solid,458,0,0.040797944231959905
solid,459,0,0.039258988938080865
solid,460,0.002,0.023659658411045
solid,461,0.002,0.024009340741201982
solid,462,0.002,0.08851315088067713
solid,463,0.002,0.0308548790357642
solid,464,0.002,0.03181036124416255
solid,465,0,0.050305938784413425
solid,466,0,0.04987133473348986
solid,467,0,0.0322825394808077
solid,468,0,0.02945924866549393
solid,469,0,0.027206204159574497
solid,470,0,0.041684641310577634
solid,471,0,0.019850649617981674
solid,472,0,0.06514908741889383
solid,473,0,0.023602147694407563
solid,474,0.002,0.0498252917657036
solid,475,0.002,0.02549482617917451
solid,476,0,0.03735709174768674
solid,477,0.002,0.047872795237520395
solid,478,0,0.025931432651417424
solid,479,0,0.035344281440634985
solid,480,0,0.04296775582347714
solid,481,0.002,0.060677555879849035
solid,482,0,0.06640004932313118
solid,483,0.002,0.042361156880224515
solid,484,0.002,0.0266452277043107
solid,485,0,0.05105250454806453
solid,486,0.002,0.02316604611570199
solid,487,0,0.05522437594282179
solid,488,0,0.06214520247780972
solid,489,0.002,0.03535104629203954
solid,490,0.002,0.04531848626986066
solid,491,0.002,0.052588495912607496
solid,492,0,0.03368605731877706
solid,493,0.002,0.022152754324143018
solid,494,0.002,0.0356997052856531
solid,495,0.002,0.024436186129549925
solid,496,0.002,0.10392435909974881
solid,497,0.002,0.08104598977782952
solid,498,0,0.05916346147822024
solid,499,0.002,0.026462306829559197
solid,500,0,0.05047040909043678
solid,501,0.002,0.05386153315087874
solid,502,0.002,0.04680315201750999
solid,503,0.002,0.02081329684014807
solid,504,0.002,0.05124308433592239
solid,505,0,0.025004031362002094
solid,506,0,0.07131276030254666
solid,507,0,0.051374625610020215
solid,508,0,0.08669401245849355
solid,509,0,0.050144125062284786
solid,510,0,0.03846883800851678
solid,511,0,0.022864993384435196
solid,512,0.002,0.0642491624170446
solid,513,0,0.07377797976375781
solid,514,0,0.019891642840329696
solid,515,0.002,0.022257213588445724
solid,516,0.002,0.04576882470309975
solid,517,0.002,0.0384412669033085
solid,518,0.002,0.03773545726216555
solid,519,0.002,0.027180226951966348
solid,520,0,0.025087490272879164
solid,521,0,0.06424755064913919
solid,522,0,0.07236669842251135
solid,523,0.002,0.04068126495148441
solid,524,0,0.08030982608378585
solid,525,0,0.041037329816777414
solid,526,0,0.054923588258353064
solid,527,0.002,0.039527331880681645
solid,528,0.002,0.03290269293409075
solid,529,0.002,0.0488719524433146
solid,530,0,0.0480125043619876
solid,531,0.002,0.0482444450594586
solid,532,0.002,0.04781054248435832
solid,533,0.002,0.029965414745057685
solid,534,0.002,0.07545876444166491
solid,535,0,0.031452802035915696
solid,536,0.002,0.06307522271226486
solid,537,0,0.04249172576305232
solid,538,0.002,0.0442900260166259
solid,539,0,0.04303977565845076
solid,540,0,0.03881634815810221
solid,541,0,0.05774408354233694
solid,542,0,0.033374541310761646
solid,543,0.002,0.03514766719056918
solid,544,0.002,0.012675979604615577
solid,545,0,0.04726798586887398
solid,546,0,0.06340569552200759
solid,547,0.002,0.06684774348588918
solid,548,0,0.04531204751074452
solid,549,0.002,0.030077767224198554
solid,550,0,0.05597417160310449
solid,551,0,0.052939906464462026
solid,552,0,0.04055148426804567
solid,553,0.002,0.070666339144056
solid,554,0,0.04497235603703215
solid,555,0,0.03522016345638582
solid,556,0,0.039255402118388245
solid,557,0,0.0634516460694224
solid,558,0.002,0.06973319196820368
solid,559,0,0.021187273569303982
solid,560,0,0.028516027508223473
solid,561,0.002,0.059630183341308256
solid,562,0.002,0.04582380625960623
solid,563,0.002,0.04362730897968646
solid,564,0.002,0.03559607697447965
solid,565,0.002,0.038012658600312194
solid,566,0,0.040619605402323726
solid,567,0.002,0.04085130408312266
solid,568,0,0.04977847500920764
solid,569,0.002,0.02479622299351611
solid,570,0,0.0652625466524457
solid,571,0,0.03179329914235072
solid,572,0.002,0.09751474793557541
solid,573,0,0.0421601387786346
solid,574,0.002,0.02329886776050465
solid,575,0.002,0.06800738689641213
solid,576,0.002,0.03063511270068537
solid,577,0.002,0.047858583628881644
solid,578,0,0.05946137429348652
solid,579,0.002,0.05880723701072495
solid,580,0,0.022883786744890614
solid,581,0,0.043731254900212846
solid,582,0.002,0.05801739579399791
solid,583,0.002,0.04814489485965572
solid,584,0.002,0.06709804469105565
solid,585,0.002,0.032663401273575574
solid,586,0.002,0.0302779526724282
solid,587,0,0.04086850212699188
solid,588,0,0.07064473099933398
solid,589,0.002,0.028195560115214135
solid,590,0,0.03020784539927857
solid,591,0.002,0.04694614946926411
solid,592,0.002,0.07587007950613814
solid,593,0.002,0.07268232593820517
solid,594,0.002,0.06071181319382589
solid,595,0.002,0.08597082664626074
solid,596,0,0.045097494917269956
solid,597,0,0.019794898888067534
solid,598,0,0.019033428612958203
solid,599,0.002,0.07897841567394338
solid,600,0.002,0.06414001907236774
solid,601,0.002,0.028853601873168388
solid,602,0,0.03216017288447698
solid,603,0.002,0.03106490857405089
solid,604,0,0.029773079986716296
solid,605,0.002,0.06782803719187291
solid,606,0.002,0.06038136408021943
solid,607,0,0.02604113047023827
solid,608,0.002,0.05053834772577167
solid,609,0.002,0.049301953128967665
solid,610,0,0.03818411598827599
solid,611,0,0.047852493900952114
solid,612,0,0.05594436925959617
solid,613,0.002,0.030639268754937048
solid,614,0,0.035805775930361466
solid,615,0.002,0.029817868838759195
solid,616,0.002,0.033659569170029824
solid,617,0,0.03483582756438726
solid,618,0,0.02097071823388508
solid,619,0.002,0.05269467328212811
solid,620,0.002,0.06473698969070778
solid,621,0,0.04942906770794819
solid,622,0,0.048124158273018934
solid,623,0.002,0.01946533050491206
solid,624,0.002,0.0492232790997826
solid,625,0.002,0.060532105877528906
solid,626,0.002,0.042752540847769
solid,627,0.002,0.05530587544550004
solid,628,0,0.04201978455299867
solid,629,0,0.03122875165998167
solid,630,0,0.0690032175262399
solid,631,0,0.058792933360056567
solid,632,0.002,0.08221179016448621
solid,633,0,0.04802907149001152
solid,634,0.002,0.039990223993623106
solid,635,0.002,0.05763746945352919
solid,636,0,0.08022986191802513
solid,637,0.002,0.03382572241943745
solid,638,0,0.04721157743144691
solid,639,0,0.0685612840544723
solid,640,0,0.04710590531069315
solid,641,0,0.0679829110665487
solid,642,0,0.014798846347139672
solid,643,0.002,0.06761098654787748
solid,644,0.002,0.0576416006328259
solid,645,0.002,0.08021709416183696
solid,646,0,0.05277220739010636
solid,647,0,0.014564051591813978
solid,648,0,0.04939920398076654
solid,649,0.002,0.048106547654515365
solid,650,0,0.04400037704393785
solid,651,0.002,0.024622888890460957
solid,652,0,0.06217799858168365
solid,653,0.002,0.03641610234950805
solid,654,0.002,0.04193611693073733
solid,655,0.002,0.05918771145860504
solid,656,0,0.05998243441774497
solid,657,0,0.05697863976710551
solid,658,0.002,0.05708992163773254
solid,659,0.002,0.04831475613957524
solid,660,0.002,0.026619218417681195
solid,661,0,0.03597707209948048
solid,662,0.002,0.037398786285408735
solid,663,0,0.04363810687736233
solid,664,0.002,0.07190075997430907
solid,665,0.002,0.07197423597394244
solid,666,0,0.033309713015332164
solid,667,0.002,0.04544192968708111
solid,668,0,0.04238181257902569
solid,669,0.002,0.021675142906355745
solid,670,0.002,0.03477163165321891
solid,671,0.002,0.05969993966089072
solid,672,0.002,0.029024452220490517
solid,673,0.002,0.031764475697483745
solid,674,0.002,0.03376847531150264
solid,675,0,0.06348566607519694
solid,676,0,0.03819937417532273
solid,677,0,0.051119521329760234
solid,678,0,0.053156228063219346
solid,679,0,0.023281981825814042
solid,680,0.002,0.0445248848621103
solid,681,0.002,0.06046441108944055
solid,682,0,0.016542222794014377
solid,683,0,0.03734156449196574
solid,684,0.002,0.020268288957960096
solid,685,0,0.020769989649050444
solid,686,0,0.04704824448600728
solid,687,0,0.037793274877302226
solid,688,0,0.026368565099293976
solid,689,0,0.057332365504743237
solid,690,0.002,0.057339539646697475
solid,691,0.002,0.018717800899425242
solid,692,0,0.03922417112716595
solid,693,0.002,0.025637633938648492
solid,694,0,0.05617815940303518
solid,695,0,0.021962295767132288
solid,696,0,0.04455802212366582
solid,697,0,0.05058584988230636
solid,698,0,0.02466784590464546
solid,699,0.002,0.05536727349904193
solid,700,0.002,0.07573052439140568
solid,701,0,0.04306771923493618
solid,702,0,0.029012837538338842
solid,703,0.002,0.036429314744278685
solid,704,0.002,0.033161958862416296
solid,705,0.002,0.04127141709500196
solid,706,0.002,0.05959925041802424
solid,707,0.002,0.03409540792550004
solid,708,0.002,0.0257148169618813
solid,709,0.002,0.05111234813803412
solid,710,0.002,0.06467662265163115
solid,711,0,0.03864549022328208
solid,712,0,0.07719444219077544
solid,713,0.002,0.0388079076855259
solid,714,0,0.07429466101729425
solid,715,0,0.0802095044677257
solid,716,0.002,0.03859607571981276
solid,717,0,0.09152058134382733
solid,718,0,0.0328733962274855
solid,719,0,0.02265202075365967
solid,720,0.002,0.04632205823644598
solid,721,0,0.017237425334952816
solid,722,0.002,0.052893222374682025
solid,723,0,0.03795116390800341
solid,724,0,0.06317261289034917
solid,725,0.002,0.03790417766430913
solid,726,0,0.02624261717447611
solid,727,0.002,0.03913541301934812
solid,728,0.002,0.0327550383538578
solid,729,0.002,0.060095580004345235
solid,730,0,0.02411736725005268
solid,731,0,0.03796115785168244
solid,732,0,0.05157563172211529
solid,733,0,0.0706279403028072
solid,734,0,0.07278819613246132
solid,735,0,0.0704533866449645
solid,736,0.002,0.0543794785434518
solid,737,0,0.045186796657912184
solid,738,0,0.04390697139310376
solid,739,0,0.02813027739734659
solid,740,0.002,0.04531907264604261
solid,741,0,0.027270230035601088
solid,742,0,0.06495700189775747
solid,743,0.002,0.0517252458032239
solid,744,0.002,0.08407542567867317
solid,745,0,0.03189236841248001
solid,746,0,0.03589191936212659
solid,747,0,0.04223753241247113
solid,748,0.002,0.041796550955360744
solid,749,0.002,0.029370873822747244
solid,750,0.002,0.04648224047290402
solid,751,0.002,0.05590590797670403
solid,752,0.002,0.04659249515752427
solid,753,0.002,0.02897912021208802
solid,754,0.002,0.03995588177948867
solid,755,0.002,0.01755944439354407
solid,756,0,0.04472177001747692
solid,757,0.002,0.02075938426778832
solid,758,0,0.05727134258400146
solid,759,0.002,0.037149894117122384
solid,760,0.002,0.061680774271573695
solid,761,0,0.04717895297003862
solid,762,0,0.07781900317572325
solid,763,0,0.010116244088931282
solid,764,0.002,0.031361706425204604
solid,765,0,0.061698948190036774
solid,766,0.002,0.019066213849500316
solid,767,0.002,0.04108859808082367
solid,768,0.002,0.032774622408909805
solid,769,0,0.047566814763933395
solid,770,0.002,0.014746413593728178
solid,771,0,0.027581104967870758
solid,772,0,0.03377791664401275
solid,773,0.002,0.046153237561571046
solid,774,0.002,0.05913461818460769
solid,775,0.002,0.03419984951712995
solid,776,0.002,0.06848551093985844
solid,777,0,0.040552034788165256
solid,778,0.002,0.052186169657157264
solid,779,0.002,0.06749203414385571
solid,780,0.002,0.047592850272249736
solid,781,0,0.01604031298026716
solid,782,0.002,0.05366897086641743
solid,783,0,0.07567888263034894
solid,784,0.002,0.029765023110323113
solid,785,0,0.060996897243755656
solid,786,0,0.044966042257858246
solid,787,0,0.048565979155679215
solid,788,0.002,0.019595362264437425
solid,789,0.002,0.02507363817354313
solid,790,0,0.07049354183664681
solid,791,0,0.04500077324721617
solid,792,0.002,0.022938170404325747
solid,793,0.002,0.02370619726310872
solid,794,0,0.03265545854010352
solid,795,0.002,0.02296555742919847
solid,796,0.002,0.025857402256807844
solid,797,0,0.021586342255175906
solid,798,0,0.06990595141477304
solid,799,0.002,0.06489395916856523
solid,800,0.002,0.04187715434432974
solid,801,0.002,0.0256979679789913
solid,802,0,0.03377064782090896
solid,803,0,0.04814880426429761
solid,804,0,0.05726232138484387
solid,805,0.002,0.039145088272156715
solid,806,0,0.052997051956901006
solid,807,0,0.0662648927190154
solid,808,0.002,0.05001467421916779
solid,809,0.002,0.04771687721830182
solid,810,0,0.0475343449958071
solid,811,0.002,0.07357954996148092
solid,812,0.002,0.06933198107426591
solid,813,0.002,0.06835819443958917
solid,814,0.002,0.02480468239668835
solid,815,0.002,0.030022218226174346
solid,816,0,0.03265187382411914
solid,817,0,0.023330545293096434
solid,818,0.002,0.04617843367170565
solid,819,0.002,0.04151217326136111
solid,820,0,0.06749216508829246
solid,821,0,0.08095661556119975
solid,822,0.002,0.040919739749982954
solid,823,0,0.07486375966065377
solid,824,0,0.02717406658511594
solid,825,0,0.049990844004804275
solid,826,0,0.05022104451771842
solid,827,0,0.035090382454986864
solid,828,0,0.05930446226786076
solid,829,0.002,0.04662330608975198
solid,830,0.002,0.039691266903185675
solid,831,0.002,0.038964541756915154
solid,832,0.002,0.05150137492676947
solid,833,0.002,0.04580076101631772
solid,834,0.002,0.044425328351129195
solid,835,0.002,0.031852790439141375
solid,836,0.002,0.061688949167945
solid,837,0.002,0.027517079985843254
solid,838,0.002,0.05514945239750354
solid,839,0,0.019629222346214916
solid,840,0,0.02708815601199238
solid,841,0,0.02125899323691077
solid,842,0,0.07474292079616605
solid,843,0.002,0.04800462095649986
solid,844,0.002,0.041899007452284164
solid,845,0.002,0.040354651716094425
solid,846,0,0.06663181784303106
solid,847,0.002,0.007653419497760851
solid,848,0.002,0.00766676560685309
solid,849,0,0.042897964695155055
solid,850,0.002,0.03202888971169938
solid,851,0.002,0.03773639836248015
solid,852,0,0.0796559076856576
solid,853,0.002,0.05152010267100162
solid,854,0,0.026384480299431176
solid,855,0.002,0.06957970183702623
solid,856,0,0.02714011652587524
solid,857,0.002,0.0417416584778321
solid,858,0,0.04814843931760602
solid,859,0.002,0.012682137568284901
solid,860,0.002,0.019709687579621642
solid,861,0.002,0.040868108024584925
solid,862,0,0.03096281156816569
solid,863,0,0.0348292565962911
solid,864,0.002,0.058680798921290286
solid,865,0,0.04856415269834977
solid,866,0.002,0.025595615546674368
solid,867,0.002,0.05916316868632868
solid,868,0.002,0.03950774529448763
solid,869,0,0.03923949588550288
solid,870,0.002,0.04352757065395997
solid,871,0.002,0.02269967082645471
solid,872,0.002,0.06919579381046467
solid,873,0.002,0.044634994368804144
solid,874,0.002,0.04376565664754901
solid,875,0.002,0.08101520279746674
solid,876,0,0.07169475409358178
solid,877,0,0.10927037984456872
solid,878,0.002,0.05343385197487896
solid,879,0,0.049462987162936005
solid,880,0.002,0.060668947866384146
solid,881,0.002,0.07092964173378405
solid,882,0.002,0.046740647485029485
solid,883,0.002,0.06144274853855336
solid,884,0,0.04901858966897437
solid,885,0,0.02593008561961048
solid,886,0,0.03665695882812278
solid,887,0.002,0.051995308808854036
solid,888,0.002,0.049265104035172626
solid,889,0.002,0.02739593908741979
solid,890,0.002,0.0644647067787029
solid,891,0,0.035897477166840955
solid,892,0,0.06796278126783054
solid,893,0,0.05665133567185944
solid,894,0.002,0.03300122960819915
solid,895,0.002,0.06596550423289498
solid,896,0.002,0.07319541774694517
solid,897,0,0.046849883289885486
solid,898,0.002,0.03239839527868938
solid,899,0,0.06582338226015622
solid,900,0.002,0.049588651797114025
solid,901,0.002,0.04001339189004908
solid,902,0,0.03641256116493989
solid,903,0,0.0332908673764486
solid,904,0,0.07448642049063149
solid,905,0,0.02855705268810452
solid,906,0.002,0.042711562372448414
solid,907,0,0.04614912243059314
solid,908,0,0.06903720231668274
solid,909,0,0.05210640966629427
solid,910,0,0.05237592686072489
solid,911,0,0.02374298229162055
solid,912,0.002,0.08497216066733615
solid,913,0.002,0.028594780571237807
solid,914,0,0.04464939713454696
solid,915,0,0.020801188870706838
solid,916,0.002,0.05657135642808228
solid,917,0,0.0214777078851138
solid,918,0,0.037159481111566764
solid,919,0.002,0.08011833278704157
solid,920,0.002,0.05042807464089489
solid,921,0.002,0.05150804937720791
solid,922,0.002,0.0487742443886558
solid,923,0,0.052207454765903306
solid,924,0,0.03604849404461633
solid,925,0.002,0.028600002338709487
solid,926,0,0.051786890010389754
solid,927,0,0.03141407101874395
solid,928,0,0.0524139669468982
solid,929,0,0.06758079815490939
solid,930,0,0.017289176611149953
solid,931,0,0.04929040671580174
solid,932,0.002,0.04918737448409365
solid,933,0,0.028100652893920993
solid,934,0,0.04585214524879244
solid,935,0,0.07427553564330287
solid,936,0,0.023946212621787397
solid,937,0,0.05970460710906735
solid,938,0,0.08279038274381983
solid,939,0,0.06920423673016107
solid,940,0,0.024119739181983492
solid,941,0.002,0.017237978923066735
solid,942,0,0.051784093395256636
solid,943,0,0.054504017856035744
solid,944,0,0.02396985625282494
solid,945,0.002,0.04832989401973987
solid,946,0,0.04504862587108569
solid,947,0,0.07233523483343277
solid,948,0.002,0.021646620687264615
solid,949,0.002,0.025504865404983548
solid,950,0,0.049252318840856076
solid,951,0,0.05300645908969492
solid,952,0,0.03737595638434392
solid,953,0,0.060438083445521644
solid,954,0,0.04600293019375775
solid,955,0,0.04352169516110052
solid,956,0,0.05983298273795032
solid,957,0,0.061012214342248655
solid,958,0,0.041500593445025984
solid,959,0.002,0.013615718703507638
solid,960,0.002,0.02527001738293896
solid,961,0,0.06660594649578039
solid,962,0.002,0.02629007801779079
solid,963,0.002,0.07091491199866669
solid,964,0.002,0.06643013500185674
solid,965,0.002,0.09098604467155032
solid,966,0.002,0.06430531825885202
solid,967,0,0.014605628671962122
solid,968,0,0.043746221620339726
solid,969,0.002,0.06160715019266105
solid,970,0.002,0.043752819287500445
solid,971,0,0.027813210971117826
solid,972,0.002,0.06326089772983949
solid,973,0,0.030758850288136387
solid,974,0,0.08049453506201634
solid,975,0.002,0.06188627094208653
solid,976,0.002,0.06054722835841413
solid,977,0,0.026755961958109593
solid,978,0.002,0.04085909434867011
solid,979,0,0.06880621350955762
solid,980,0.002,0.04309477565241883
solid,981,0,0.06032735069622704
solid,982,0.002,0.017126837576896918
solid,983,0,0.036185797022830625
solid,984,0,0.053568950034778864
solid,985,0,0.06462963056305522
solid,986,0.002,0.03235245101161853
solid,987,0.002,0.047295536017025595
solid,988,0,0.07803158450869217
solid,989,0,0.024730002919624995
solid,990,0.002,0.0456362024744374
solid,991,0.002,0.04721614028950532
solid,992,0.002,0.03721596258784727
solid,993,0,0.06791893707360813
solid,994,0.002,0.041152047931716396
solid,995,0,0.03377629796232691
solid,996,0.002,0.07697198469398182
solid,997,0,0.06718294840666784
solid,998,0.002,0.07642118325095858
solid,999,0,0.041152429492795205
solid,1000,0.002,0.05102877044629739
