n_records,rep,implementation,threads,elapsed_sec,kernel_sec,input_file,expected_file
10000,1,r_sequential,1,0.10000000000002274,NA,n0010000_rep01_input.bin,n0010000_rep01_r_expected.bin
10000,1,r_psock,8,0.117999999999995,NA,n0010000_rep01_input.bin,n0010000_rep01_r_expected.bin
10000,2,r_sequential,1,0.09800000000001319,NA,n0010000_rep02_input.bin,n0010000_rep02_r_expected.bin
10000,2,r_psock,8,0.06999999999999318,NA,n0010000_rep02_input.bin,n0010000_rep02_r_expected.bin
10000,3,r_sequential,1,0.09800000000001319,NA,n0010000_rep03_input.bin,n0010000_rep03_r_expected.bin
10000,3,r_psock,8,0.07299999999997908,NA,n0010000_rep03_input.bin,n0010000_rep03_r_expected.bin
10000,4,r_sequential,1,0.09800000000001319,NA,n0010000_rep04_input.bin,n0010000_rep04_r_expected.bin
10000,4,r_psock,8,0.12899999999996226,NA,n0010000_rep04_input.bin,n0010000_rep04_r_expected.bin
10000,5,r_sequential,1,0.09800000000001319,NA,n0010000_rep05_input.bin,n0010000_rep05_r_expected.bin
10000,5,r_psock,8,0.08699999999998909,NA,n0010000_rep05_input.bin,n0010000_rep05_r_expected.bin
50000,1,r_sequential,1,0.49200000000001864,NA,n0050000_rep01_input.bin,n0050000_rep01_r_expected.bin
50000,1,r_psock,8,0.1570000000000391,NA,n0050000_rep01_input.bin,n0050000_rep01_r_expected.bin
50000,2,r_sequential,1,0.4779999999999518,NA,n0050000_rep02_input.bin,n0050000_rep02_r_expected.bin
50000,2,r_psock,8,0.15499999999997272,NA,n0050000_rep02_input.bin,n0050000_rep02_r_expected.bin
50000,3,r_sequential,1,0.4770000000000323,NA,n0050000_rep03_input.bin,n0050000_rep03_r_expected.bin
50000,3,r_psock,8,0.1349999999999909,NA,n0050000_rep03_input.bin,n0050000_rep03_r_expected.bin
50000,4,r_sequential,1,0.4770000000000323,NA,n0050000_rep04_input.bin,n0050000_rep04_r_expected.bin
50000,4,r_psock,8,0.13400000000001455,NA,n0050000_rep04_input.bin,n0050000_rep04_r_expected.bin
50000,5,r_sequential,1,0.478999999999985,NA,n0050000_rep05_input.bin,n0050000_rep05_r_expected.bin
50000,5,r_psock,8,0.13599999999996726,NA,n0050000_rep05_input.bin,n0050000_rep05_r_expected.bin
100000,1,r_sequential,1,0.9659999999999513,NA,n0100000_rep01_input.bin,n0100000_rep01_r_expected.bin
100000,1,r_psock,8,0.2659999999999627,NA,n0100000_rep01_input.bin,n0100000_rep01_r_expected.bin
100000,2,r_sequential,1,0.9650000000000318,NA,n0100000_rep02_input.bin,n0100000_rep02_r_expected.bin
100000,2,r_psock,8,0.25200000000000955,NA,n0100000_rep02_input.bin,n0100000_rep02_r_expected.bin
100000,3,r_sequential,1,0.9510000000000218,NA,n0100000_rep03_input.bin,n0100000_rep03_r_expected.bin
100000,3,r_psock,8,0.25200000000000955,NA,n0100000_rep03_input.bin,n0100000_rep03_r_expected.bin
100000,4,r_sequential,1,0.9490000000000123,NA,n0100000_rep04_input.bin,n0100000_rep04_r_expected.bin
100000,4,r_psock,8,0.2459999999999809,NA,n0100000_rep04_input.bin,n0100000_rep04_r_expected.bin
100000,5,r_sequential,1,0.9529999999999745,NA,n0100000_rep05_input.bin,n0100000_rep05_r_expected.bin
100000,5,r_psock,8,0.24900000000002365,NA,n0100000_rep05_input.bin,n0100000_rep05_r_expected.bin
500000,1,r_sequential,1,5.379000000000019,NA,n0500000_rep01_input.bin,n0500000_rep01_r_expected.bin
500000,1,r_psock,8,1.4140000000000441,NA,n0500000_rep01_input.bin,n0500000_rep01_r_expected.bin
500000,2,r_sequential,1,4.765000000000043,NA,n0500000_rep02_input.bin,n0500000_rep02_r_expected.bin
500000,2,r_psock,8,1.34699999999998,NA,n0500000_rep02_input.bin,n0500000_rep02_r_expected.bin
500000,3,r_sequential,1,4.762000000000057,NA,n0500000_rep03_input.bin,n0500000_rep03_r_expected.bin
500000,3,r_psock,8,1.3619999999999663,NA,n0500000_rep03_input.bin,n0500000_rep03_r_expected.bin
500000,4,r_sequential,1,4.753000000000043,NA,n0500000_rep04_input.bin,n0500000_rep04_r_expected.bin
500000,4,r_psock,8,1.3869999999999436,NA,n0500000_rep04_input.bin,n0500000_rep04_r_expected.bin
500000,5,r_sequential,1,4.951999999999998,NA,n0500000_rep05_input.bin,n0500000_rep05_r_expected.bin
500000,5,r_psock,8,1.3170000000000073,NA,n0500000_rep05_input.bin,n0500000_rep05_r_expected.bin
1000000,1,r_sequential,1,9.742999999999938,NA,n1000000_rep01_input.bin,n1000000_rep01_r_expected.bin
1000000,1,r_psock,8,2.7789999999999964,NA,n1000000_rep01_input.bin,n1000000_rep01_r_expected.bin
1000000,2,r_sequential,1,9.615000000000009,NA,n1000000_rep02_input.bin,n1000000_rep02_r_expected.bin
1000000,2,r_psock,8,2.677000000000021,NA,n1000000_rep02_input.bin,n1000000_rep02_r_expected.bin
1000000,3,r_sequential,1,9.684999999999945,NA,n1000000_rep03_input.bin,n1000000_rep03_r_expected.bin
1000000,3,r_psock,8,2.705000000000041,NA,n1000000_rep03_input.bin,n1000000_rep03_r_expected.bin
1000000,4,r_sequential,1,9.735000000000014,NA,n1000000_rep04_input.bin,n1000000_rep04_r_expected.bin
1000000,4,r_psock,8,2.7889999999999873,NA,n1000000_rep04_input.bin,n1000000_rep04_r_expected.bin
1000000,5,r_sequential,1,9.715000000000032,NA,n1000000_rep05_input.bin,n1000000_rep05_r_expected.bin
1000000,5,r_psock,8,2.7899999999999636,NA,n1000000_rep05_input.bin,n1000000_rep05_r_expected.bin
2000000,1,r_sequential,1,19.876999999999953,NA,n2000000_rep01_input.bin,n2000000_rep01_r_expected.bin
2000000,1,r_psock,8,5.242999999999938,NA,n2000000_rep01_input.bin,n2000000_rep01_r_expected.bin
2000000,2,r_sequential,1,19.215000000000032,NA,n2000000_rep02_input.bin,n2000000_rep02_r_expected.bin
2000000,2,r_psock,8,5.254000000000019,NA,n2000000_rep02_input.bin,n2000000_rep02_r_expected.bin
2000000,3,r_sequential,1,19.597999999999956,NA,n2000000_rep03_input.bin,n2000000_rep03_r_expected.bin
2000000,3,r_psock,8,4.902000000000044,NA,n2000000_rep03_input.bin,n2000000_rep03_r_expected.bin
2000000,4,r_sequential,1,19.293000000000006,NA,n2000000_rep04_input.bin,n2000000_rep04_r_expected.bin
2000000,4,r_psock,8,4.9529999999999745,NA,n2000000_rep04_input.bin,n2000000_rep04_r_expected.bin
2000000,5,r_sequential,1,19.496999999999957,NA,n2000000_rep05_input.bin,n2000000_rep05_r_expected.bin
2000000,5,r_psock,8,5.072000000000003,NA,n2000000_rep05_input.bin,n2000000_rep05_r_expected.bin
5000000,1,r_sequential,1,48.15000000000009,NA,n5000000_rep01_input.bin,n5000000_rep01_r_expected.bin
5000000,1,r_psock,8,12.065000000000055,NA,n5000000_rep01_input.bin,n5000000_rep01_r_expected.bin
5000000,2,r_sequential,1,48.03100000000006,NA,n5000000_rep02_input.bin,n5000000_rep02_r_expected.bin
5000000,2,r_psock,8,11.950000000000045,NA,n5000000_rep02_input.bin,n5000000_rep02_r_expected.bin
5000000,3,r_sequential,1,47.83100000000002,NA,n5000000_rep03_input.bin,n5000000_rep03_r_expected.bin
5000000,3,r_psock,8,11.47199999999998,NA,n5000000_rep03_input.bin,n5000000_rep03_r_expected.bin
5000000,4,r_sequential,1,48.19900000000007,NA,n5000000_rep04_input.bin,n5000000_rep04_r_expected.bin
5000000,4,r_psock,8,11.831999999999994,NA,n5000000_rep04_input.bin,n5000000_rep04_r_expected.bin
5000000,5,r_sequential,1,47.698999999999955,NA,n5000000_rep05_input.bin,n5000000_rep05_r_expected.bin
5000000,5,r_psock,8,11.830999999999904,NA,n5000000_rep05_input.bin,n5000000_rep05_r_expected.bin
