matrix,axis,axis_label,axis_order,perturbation_scenario,perturbation_fraction,baseline_weight,normalized_perturbed_weight,threshold_transition,transition_label,penalty_threshold,severity_required,severity_plot,reached
fluid,P_pre,Pre-centrifugation,1,-20%,-0.2,30,25.53191489361702,A to B,A→B,10,0.39166666666666666,0.39166666666666666,TRUE
fluid,P_pre,Pre-centrifugation,1,-20%,-0.2,30,25.53191489361702,B to C,B→C,20,0.7833333333333333,0.7833333333333333,TRUE
fluid,P_pre,Pre-centrifugation,1,-20%,-0.2,30,25.53191489361702,C to D,C→D,35,1.3708333333333333,1,FALSE
fluid,P_pre,Pre-centrifugation,1,-20%,-0.2,30,25.53191489361702,D to E,D→E,50,1.9583333333333333,1,FALSE
fluid,P_pre,Pre-centrifugation,1,-10%,-0.1,30,27.835051546391753,A to B,A→B,10,0.3592592592592593,0.3592592592592593,TRUE
fluid,P_pre,Pre-centrifugation,1,-10%,-0.1,30,27.835051546391753,B to C,B→C,20,0.7185185185185186,0.7185185185185186,TRUE
fluid,P_pre,Pre-centrifugation,1,-10%,-0.1,30,27.835051546391753,C to D,C→D,35,1.2574074074074073,1,FALSE
fluid,P_pre,Pre-centrifugation,1,-10%,-0.1,30,27.835051546391753,D to E,D→E,50,1.7962962962962963,1,FALSE
fluid,P_pre,Pre-centrifugation,1,Nominal,0,30,30,A to B,A→B,10,0.3333333333333333,0.3333333333333333,TRUE
fluid,P_pre,Pre-centrifugation,1,Nominal,0,30,30,B to C,B→C,20,0.6666666666666666,0.6666666666666666,TRUE
fluid,P_pre,Pre-centrifugation,1,Nominal,0,30,30,C to D,C→D,35,1.1666666666666667,1,FALSE
fluid,P_pre,Pre-centrifugation,1,Nominal,0,30,30,D to E,D→E,50,1.6666666666666667,1,FALSE
fluid,P_pre,Pre-centrifugation,1,+10%,0.1,30,32.038834951456316,A to B,A→B,10,0.3121212121212121,0.3121212121212121,TRUE
fluid,P_pre,Pre-centrifugation,1,+10%,0.1,30,32.038834951456316,B to C,B→C,20,0.6242424242424242,0.6242424242424242,TRUE
fluid,P_pre,Pre-centrifugation,1,+10%,0.1,30,32.038834951456316,C to D,C→D,35,1.0924242424242423,1,FALSE
fluid,P_pre,Pre-centrifugation,1,+10%,0.1,30,32.038834951456316,D to E,D→E,50,1.5606060606060603,1,FALSE
fluid,P_pre,Pre-centrifugation,1,+20%,0.2,30,33.9622641509434,A to B,A→B,10,0.29444444444444445,0.29444444444444445,TRUE
fluid,P_pre,Pre-centrifugation,1,+20%,0.2,30,33.9622641509434,B to C,B→C,20,0.5888888888888889,0.5888888888888889,TRUE
fluid,P_pre,Pre-centrifugation,1,+20%,0.2,30,33.9622641509434,C to D,C→D,35,1.0305555555555554,1,FALSE
fluid,P_pre,Pre-centrifugation,1,+20%,0.2,30,33.9622641509434,D to E,D→E,50,1.472222222222222,1,FALSE
fluid,P_cent1,First centrifugation,2,-20%,-0.2,15,12.371134020618557,A to B,A→B,10,0.8083333333333333,0.8083333333333333,TRUE
fluid,P_cent1,First centrifugation,2,-20%,-0.2,15,12.371134020618557,B to C,B→C,20,1.6166666666666667,1,FALSE
fluid,P_cent1,First centrifugation,2,-20%,-0.2,15,12.371134020618557,C to D,C→D,35,2.8291666666666666,1,FALSE
fluid,P_cent1,First centrifugation,2,-20%,-0.2,15,12.371134020618557,D to E,D→E,50,4.041666666666666,1,FALSE
fluid,P_cent1,First centrifugation,2,-10%,-0.1,15,13.705583756345177,A to B,A→B,10,0.7296296296296296,0.7296296296296296,TRUE
fluid,P_cent1,First centrifugation,2,-10%,-0.1,15,13.705583756345177,B to C,B→C,20,1.4592592592592593,1,FALSE
fluid,P_cent1,First centrifugation,2,-10%,-0.1,15,13.705583756345177,C to D,C→D,35,2.553703703703704,1,FALSE
fluid,P_cent1,First centrifugation,2,-10%,-0.1,15,13.705583756345177,D to E,D→E,50,3.6481481481481484,1,FALSE
fluid,P_cent1,First centrifugation,2,Nominal,0,15,15,A to B,A→B,10,0.6666666666666666,0.6666666666666666,TRUE
fluid,P_cent1,First centrifugation,2,Nominal,0,15,15,B to C,B→C,20,1.3333333333333333,1,FALSE
fluid,P_cent1,First centrifugation,2,Nominal,0,15,15,C to D,C→D,35,2.3333333333333335,1,FALSE
fluid,P_cent1,First centrifugation,2,Nominal,0,15,15,D to E,D→E,50,3.3333333333333335,1,FALSE
fluid,P_cent1,First centrifugation,2,+10%,0.1,15,16.25615763546798,A to B,A→B,10,0.6151515151515152,0.6151515151515152,TRUE
fluid,P_cent1,First centrifugation,2,+10%,0.1,15,16.25615763546798,B to C,B→C,20,1.2303030303030305,1,FALSE
fluid,P_cent1,First centrifugation,2,+10%,0.1,15,16.25615763546798,C to D,C→D,35,2.1530303030303033,1,FALSE
fluid,P_cent1,First centrifugation,2,+10%,0.1,15,16.25615763546798,D to E,D→E,50,3.075757575757576,1,FALSE
fluid,P_cent1,First centrifugation,2,+20%,0.2,15,17.475728155339805,A to B,A→B,10,0.5722222222222223,0.5722222222222223,TRUE
fluid,P_cent1,First centrifugation,2,+20%,0.2,15,17.475728155339805,B to C,B→C,20,1.1444444444444446,1,FALSE
fluid,P_cent1,First centrifugation,2,+20%,0.2,15,17.475728155339805,C to D,C→D,35,2.0027777777777778,1,FALSE
fluid,P_cent1,First centrifugation,2,+20%,0.2,15,17.475728155339805,D to E,D→E,50,2.861111111111111,1,FALSE
fluid,P_cent2,Second centrifugation,3,-20%,-0.2,10,8.16326530612245,A to B,A→B,10,1.2249999999999999,1,FALSE
fluid,P_cent2,Second centrifugation,3,-20%,-0.2,10,8.16326530612245,B to C,B→C,20,2.4499999999999997,1,FALSE
fluid,P_cent2,Second centrifugation,3,-20%,-0.2,10,8.16326530612245,C to D,C→D,35,4.2875,1,FALSE
fluid,P_cent2,Second centrifugation,3,-20%,-0.2,10,8.16326530612245,D to E,D→E,50,6.125,1,FALSE
fluid,P_cent2,Second centrifugation,3,-10%,-0.1,10,9.090909090909092,A to B,A→B,10,1.0999999999999999,1,FALSE
fluid,P_cent2,Second centrifugation,3,-10%,-0.1,10,9.090909090909092,B to C,B→C,20,2.1999999999999997,1,FALSE
fluid,P_cent2,Second centrifugation,3,-10%,-0.1,10,9.090909090909092,C to D,C→D,35,3.8499999999999996,1,FALSE
fluid,P_cent2,Second centrifugation,3,-10%,-0.1,10,9.090909090909092,D to E,D→E,50,5.499999999999999,1,FALSE
fluid,P_cent2,Second centrifugation,3,Nominal,0,10,10,A to B,A→B,10,1,1,TRUE
fluid,P_cent2,Second centrifugation,3,Nominal,0,10,10,B to C,B→C,20,2,1,FALSE
fluid,P_cent2,Second centrifugation,3,Nominal,0,10,10,C to D,C→D,35,3.5,1,FALSE
fluid,P_cent2,Second centrifugation,3,Nominal,0,10,10,D to E,D→E,50,5,1,FALSE
fluid,P_cent2,Second centrifugation,3,+10%,0.1,10,10.891089108910892,A to B,A→B,10,0.9181818181818181,0.9181818181818181,TRUE
fluid,P_cent2,Second centrifugation,3,+10%,0.1,10,10.891089108910892,B to C,B→C,20,1.8363636363636362,1,FALSE
fluid,P_cent2,Second centrifugation,3,+10%,0.1,10,10.891089108910892,C to D,C→D,35,3.2136363636363634,1,FALSE
fluid,P_cent2,Second centrifugation,3,+10%,0.1,10,10.891089108910892,D to E,D→E,50,4.590909090909091,1,FALSE
fluid,P_cent2,Second centrifugation,3,+20%,0.2,10,11.76470588235294,A to B,A→B,10,0.8500000000000001,0.8500000000000001,TRUE
fluid,P_cent2,Second centrifugation,3,+20%,0.2,10,11.76470588235294,B to C,B→C,20,1.7000000000000002,1,FALSE
fluid,P_cent2,Second centrifugation,3,+20%,0.2,10,11.76470588235294,C to D,C→D,35,2.975,1,FALSE
fluid,P_cent2,Second centrifugation,3,+20%,0.2,10,11.76470588235294,D to E,D→E,50,4.25,1,FALSE
fluid,P_post,Post-centrifugation,4,-20%,-0.2,20,16.666666666666664,A to B,A→B,10,0.6000000000000001,0.6000000000000001,TRUE
fluid,P_post,Post-centrifugation,4,-20%,-0.2,20,16.666666666666664,B to C,B→C,20,1.2000000000000002,1,FALSE
fluid,P_post,Post-centrifugation,4,-20%,-0.2,20,16.666666666666664,C to D,C→D,35,2.1,1,FALSE
fluid,P_post,Post-centrifugation,4,-20%,-0.2,20,16.666666666666664,D to E,D→E,50,3.0000000000000004,1,FALSE
fluid,P_post,Post-centrifugation,4,-10%,-0.1,20,18.367346938775512,A to B,A→B,10,0.5444444444444444,0.5444444444444444,TRUE
fluid,P_post,Post-centrifugation,4,-10%,-0.1,20,18.367346938775512,B to C,B→C,20,1.0888888888888888,1,FALSE
fluid,P_post,Post-centrifugation,4,-10%,-0.1,20,18.367346938775512,C to D,C→D,35,1.9055555555555554,1,FALSE
fluid,P_post,Post-centrifugation,4,-10%,-0.1,20,18.367346938775512,D to E,D→E,50,2.722222222222222,1,FALSE
fluid,P_post,Post-centrifugation,4,Nominal,0,20,20,A to B,A→B,10,0.5,0.5,TRUE
fluid,P_post,Post-centrifugation,4,Nominal,0,20,20,B to C,B→C,20,1,1,TRUE
fluid,P_post,Post-centrifugation,4,Nominal,0,20,20,C to D,C→D,35,1.75,1,FALSE
fluid,P_post,Post-centrifugation,4,Nominal,0,20,20,D to E,D→E,50,2.5,1,FALSE
fluid,P_post,Post-centrifugation,4,+10%,0.1,20,21.568627450980394,A to B,A→B,10,0.4636363636363636,0.4636363636363636,TRUE
fluid,P_post,Post-centrifugation,4,+10%,0.1,20,21.568627450980394,B to C,B→C,20,0.9272727272727272,0.9272727272727272,TRUE
fluid,P_post,Post-centrifugation,4,+10%,0.1,20,21.568627450980394,C to D,C→D,35,1.6227272727272726,1,FALSE
fluid,P_post,Post-centrifugation,4,+10%,0.1,20,21.568627450980394,D to E,D→E,50,2.318181818181818,1,FALSE
fluid,P_post,Post-centrifugation,4,+20%,0.2,20,23.076923076923077,A to B,A→B,10,0.43333333333333335,0.43333333333333335,TRUE
fluid,P_post,Post-centrifugation,4,+20%,0.2,20,23.076923076923077,B to C,B→C,20,0.8666666666666667,0.8666666666666667,TRUE
fluid,P_post,Post-centrifugation,4,+20%,0.2,20,23.076923076923077,C to D,C→D,35,1.5166666666666666,1,FALSE
fluid,P_post,Post-centrifugation,4,+20%,0.2,20,23.076923076923077,D to E,D→E,50,2.1666666666666665,1,FALSE
fluid,P_store,Storage,5,-20%,-0.2,25,21.052631578947366,A to B,A→B,10,0.47500000000000003,0.47500000000000003,TRUE
fluid,P_store,Storage,5,-20%,-0.2,25,21.052631578947366,B to C,B→C,20,0.9500000000000001,0.9500000000000001,TRUE
fluid,P_store,Storage,5,-20%,-0.2,25,21.052631578947366,C to D,C→D,35,1.6625,1,FALSE
fluid,P_store,Storage,5,-20%,-0.2,25,21.052631578947366,D to E,D→E,50,2.3750000000000004,1,FALSE
fluid,P_store,Storage,5,-10%,-0.1,25,23.076923076923077,A to B,A→B,10,0.43333333333333335,0.43333333333333335,TRUE
fluid,P_store,Storage,5,-10%,-0.1,25,23.076923076923077,B to C,B→C,20,0.8666666666666667,0.8666666666666667,TRUE
fluid,P_store,Storage,5,-10%,-0.1,25,23.076923076923077,C to D,C→D,35,1.5166666666666666,1,FALSE
fluid,P_store,Storage,5,-10%,-0.1,25,23.076923076923077,D to E,D→E,50,2.1666666666666665,1,FALSE
fluid,P_store,Storage,5,Nominal,0,25,25,A to B,A→B,10,0.4,0.4,TRUE
fluid,P_store,Storage,5,Nominal,0,25,25,B to C,B→C,20,0.8,0.8,TRUE
fluid,P_store,Storage,5,Nominal,0,25,25,C to D,C→D,35,1.4,1,FALSE
fluid,P_store,Storage,5,Nominal,0,25,25,D to E,D→E,50,2,1,FALSE
fluid,P_store,Storage,5,+10%,0.1,25,26.82926829268293,A to B,A→B,10,0.3727272727272727,0.3727272727272727,TRUE
fluid,P_store,Storage,5,+10%,0.1,25,26.82926829268293,B to C,B→C,20,0.7454545454545454,0.7454545454545454,TRUE
fluid,P_store,Storage,5,+10%,0.1,25,26.82926829268293,C to D,C→D,35,1.3045454545454545,1,FALSE
fluid,P_store,Storage,5,+10%,0.1,25,26.82926829268293,D to E,D→E,50,1.8636363636363635,1,FALSE
fluid,P_store,Storage,5,+20%,0.2,25,28.57142857142857,A to B,A→B,10,0.35000000000000003,0.35000000000000003,TRUE
fluid,P_store,Storage,5,+20%,0.2,25,28.57142857142857,B to C,B→C,20,0.7000000000000001,0.7000000000000001,TRUE
fluid,P_store,Storage,5,+20%,0.2,25,28.57142857142857,C to D,C→D,35,1.225,1,FALSE
fluid,P_store,Storage,5,+20%,0.2,25,28.57142857142857,D to E,D→E,50,1.7500000000000002,1,FALSE
solid,P_warm,Warm ischemia,1,-20%,-0.2,25,21.052631578947366,A to B,A→B,10,0.47500000000000003,0.47500000000000003,TRUE
solid,P_warm,Warm ischemia,1,-20%,-0.2,25,21.052631578947366,B to C,B→C,20,0.9500000000000001,0.9500000000000001,TRUE
solid,P_warm,Warm ischemia,1,-20%,-0.2,25,21.052631578947366,C to D,C→D,35,1.6625,1,FALSE
solid,P_warm,Warm ischemia,1,-20%,-0.2,25,21.052631578947366,D to E,D→E,50,2.3750000000000004,1,FALSE
solid,P_warm,Warm ischemia,1,-10%,-0.1,25,23.076923076923077,A to B,A→B,10,0.43333333333333335,0.43333333333333335,TRUE
solid,P_warm,Warm ischemia,1,-10%,-0.1,25,23.076923076923077,B to C,B→C,20,0.8666666666666667,0.8666666666666667,TRUE
solid,P_warm,Warm ischemia,1,-10%,-0.1,25,23.076923076923077,C to D,C→D,35,1.5166666666666666,1,FALSE
solid,P_warm,Warm ischemia,1,-10%,-0.1,25,23.076923076923077,D to E,D→E,50,2.1666666666666665,1,FALSE
solid,P_warm,Warm ischemia,1,Nominal,0,25,25,A to B,A→B,10,0.4,0.4,TRUE
solid,P_warm,Warm ischemia,1,Nominal,0,25,25,B to C,B→C,20,0.8,0.8,TRUE
solid,P_warm,Warm ischemia,1,Nominal,0,25,25,C to D,C→D,35,1.4,1,FALSE
solid,P_warm,Warm ischemia,1,Nominal,0,25,25,D to E,D→E,50,2,1,FALSE
solid,P_warm,Warm ischemia,1,+10%,0.1,25,26.82926829268293,A to B,A→B,10,0.3727272727272727,0.3727272727272727,TRUE
solid,P_warm,Warm ischemia,1,+10%,0.1,25,26.82926829268293,B to C,B→C,20,0.7454545454545454,0.7454545454545454,TRUE
solid,P_warm,Warm ischemia,1,+10%,0.1,25,26.82926829268293,C to D,C→D,35,1.3045454545454545,1,FALSE
solid,P_warm,Warm ischemia,1,+10%,0.1,25,26.82926829268293,D to E,D→E,50,1.8636363636363635,1,FALSE
solid,P_warm,Warm ischemia,1,+20%,0.2,25,28.57142857142857,A to B,A→B,10,0.35000000000000003,0.35000000000000003,TRUE
solid,P_warm,Warm ischemia,1,+20%,0.2,25,28.57142857142857,B to C,B→C,20,0.7000000000000001,0.7000000000000001,TRUE
solid,P_warm,Warm ischemia,1,+20%,0.2,25,28.57142857142857,C to D,C→D,35,1.225,1,FALSE
solid,P_warm,Warm ischemia,1,+20%,0.2,25,28.57142857142857,D to E,D→E,50,1.7500000000000002,1,FALSE
solid,P_cold,Cold ischemia,2,-20%,-0.2,25,21.052631578947366,A to B,A→B,10,0.47500000000000003,0.47500000000000003,TRUE
solid,P_cold,Cold ischemia,2,-20%,-0.2,25,21.052631578947366,B to C,B→C,20,0.9500000000000001,0.9500000000000001,TRUE
solid,P_cold,Cold ischemia,2,-20%,-0.2,25,21.052631578947366,C to D,C→D,35,1.6625,1,FALSE
solid,P_cold,Cold ischemia,2,-20%,-0.2,25,21.052631578947366,D to E,D→E,50,2.3750000000000004,1,FALSE
solid,P_cold,Cold ischemia,2,-10%,-0.1,25,23.076923076923077,A to B,A→B,10,0.43333333333333335,0.43333333333333335,TRUE
solid,P_cold,Cold ischemia,2,-10%,-0.1,25,23.076923076923077,B to C,B→C,20,0.8666666666666667,0.8666666666666667,TRUE
solid,P_cold,Cold ischemia,2,-10%,-0.1,25,23.076923076923077,C to D,C→D,35,1.5166666666666666,1,FALSE
solid,P_cold,Cold ischemia,2,-10%,-0.1,25,23.076923076923077,D to E,D→E,50,2.1666666666666665,1,FALSE
solid,P_cold,Cold ischemia,2,Nominal,0,25,25,A to B,A→B,10,0.4,0.4,TRUE
solid,P_cold,Cold ischemia,2,Nominal,0,25,25,B to C,B→C,20,0.8,0.8,TRUE
solid,P_cold,Cold ischemia,2,Nominal,0,25,25,C to D,C→D,35,1.4,1,FALSE
solid,P_cold,Cold ischemia,2,Nominal,0,25,25,D to E,D→E,50,2,1,FALSE
solid,P_cold,Cold ischemia,2,+10%,0.1,25,26.82926829268293,A to B,A→B,10,0.3727272727272727,0.3727272727272727,TRUE
solid,P_cold,Cold ischemia,2,+10%,0.1,25,26.82926829268293,B to C,B→C,20,0.7454545454545454,0.7454545454545454,TRUE
solid,P_cold,Cold ischemia,2,+10%,0.1,25,26.82926829268293,C to D,C→D,35,1.3045454545454545,1,FALSE
solid,P_cold,Cold ischemia,2,+10%,0.1,25,26.82926829268293,D to E,D→E,50,1.8636363636363635,1,FALSE
solid,P_cold,Cold ischemia,2,+20%,0.2,25,28.57142857142857,A to B,A→B,10,0.35000000000000003,0.35000000000000003,TRUE
solid,P_cold,Cold ischemia,2,+20%,0.2,25,28.57142857142857,B to C,B→C,20,0.7000000000000001,0.7000000000000001,TRUE
solid,P_cold,Cold ischemia,2,+20%,0.2,25,28.57142857142857,C to D,C→D,35,1.225,1,FALSE
solid,P_cold,Cold ischemia,2,+20%,0.2,25,28.57142857142857,D to E,D→E,50,1.7500000000000002,1,FALSE
solid,P_fix,Fixation,3,-20%,-0.2,15,12.371134020618557,A to B,A→B,10,0.8083333333333333,0.8083333333333333,TRUE
solid,P_fix,Fixation,3,-20%,-0.2,15,12.371134020618557,B to C,B→C,20,1.6166666666666667,1,FALSE
solid,P_fix,Fixation,3,-20%,-0.2,15,12.371134020618557,C to D,C→D,35,2.8291666666666666,1,FALSE
solid,P_fix,Fixation,3,-20%,-0.2,15,12.371134020618557,D to E,D→E,50,4.041666666666666,1,FALSE
solid,P_fix,Fixation,3,-10%,-0.1,15,13.705583756345177,A to B,A→B,10,0.7296296296296296,0.7296296296296296,TRUE
solid,P_fix,Fixation,3,-10%,-0.1,15,13.705583756345177,B to C,B→C,20,1.4592592592592593,1,FALSE
solid,P_fix,Fixation,3,-10%,-0.1,15,13.705583756345177,C to D,C→D,35,2.553703703703704,1,FALSE
solid,P_fix,Fixation,3,-10%,-0.1,15,13.705583756345177,D to E,D→E,50,3.6481481481481484,1,FALSE
solid,P_fix,Fixation,3,Nominal,0,15,15,A to B,A→B,10,0.6666666666666666,0.6666666666666666,TRUE
solid,P_fix,Fixation,3,Nominal,0,15,15,B to C,B→C,20,1.3333333333333333,1,FALSE
solid,P_fix,Fixation,3,Nominal,0,15,15,C to D,C→D,35,2.3333333333333335,1,FALSE
solid,P_fix,Fixation,3,Nominal,0,15,15,D to E,D→E,50,3.3333333333333335,1,FALSE
solid,P_fix,Fixation,3,+10%,0.1,15,16.25615763546798,A to B,A→B,10,0.6151515151515152,0.6151515151515152,TRUE
solid,P_fix,Fixation,3,+10%,0.1,15,16.25615763546798,B to C,B→C,20,1.2303030303030305,1,FALSE
solid,P_fix,Fixation,3,+10%,0.1,15,16.25615763546798,C to D,C→D,35,2.1530303030303033,1,FALSE
solid,P_fix,Fixation,3,+10%,0.1,15,16.25615763546798,D to E,D→E,50,3.075757575757576,1,FALSE
solid,P_fix,Fixation,3,+20%,0.2,15,17.475728155339805,A to B,A→B,10,0.5722222222222223,0.5722222222222223,TRUE
solid,P_fix,Fixation,3,+20%,0.2,15,17.475728155339805,B to C,B→C,20,1.1444444444444446,1,FALSE
solid,P_fix,Fixation,3,+20%,0.2,15,17.475728155339805,C to D,C→D,35,2.0027777777777778,1,FALSE
solid,P_fix,Fixation,3,+20%,0.2,15,17.475728155339805,D to E,D→E,50,2.861111111111111,1,FALSE
solid,P_fixTime,Fixation time,4,-20%,-0.2,20,16.666666666666664,A to B,A→B,10,0.6000000000000001,0.6000000000000001,TRUE
solid,P_fixTime,Fixation time,4,-20%,-0.2,20,16.666666666666664,B to C,B→C,20,1.2000000000000002,1,FALSE
solid,P_fixTime,Fixation time,4,-20%,-0.2,20,16.666666666666664,C to D,C→D,35,2.1,1,FALSE
solid,P_fixTime,Fixation time,4,-20%,-0.2,20,16.666666666666664,D to E,D→E,50,3.0000000000000004,1,FALSE
solid,P_fixTime,Fixation time,4,-10%,-0.1,20,18.367346938775512,A to B,A→B,10,0.5444444444444444,0.5444444444444444,TRUE
solid,P_fixTime,Fixation time,4,-10%,-0.1,20,18.367346938775512,B to C,B→C,20,1.0888888888888888,1,FALSE
solid,P_fixTime,Fixation time,4,-10%,-0.1,20,18.367346938775512,C to D,C→D,35,1.9055555555555554,1,FALSE
solid,P_fixTime,Fixation time,4,-10%,-0.1,20,18.367346938775512,D to E,D→E,50,2.722222222222222,1,FALSE
solid,P_fixTime,Fixation time,4,Nominal,0,20,20,A to B,A→B,10,0.5,0.5,TRUE
solid,P_fixTime,Fixation time,4,Nominal,0,20,20,B to C,B→C,20,1,1,TRUE
solid,P_fixTime,Fixation time,4,Nominal,0,20,20,C to D,C→D,35,1.75,1,FALSE
solid,P_fixTime,Fixation time,4,Nominal,0,20,20,D to E,D→E,50,2.5,1,FALSE
solid,P_fixTime,Fixation time,4,+10%,0.1,20,21.568627450980394,A to B,A→B,10,0.4636363636363636,0.4636363636363636,TRUE
solid,P_fixTime,Fixation time,4,+10%,0.1,20,21.568627450980394,B to C,B→C,20,0.9272727272727272,0.9272727272727272,TRUE
solid,P_fixTime,Fixation time,4,+10%,0.1,20,21.568627450980394,C to D,C→D,35,1.6227272727272726,1,FALSE
solid,P_fixTime,Fixation time,4,+10%,0.1,20,21.568627450980394,D to E,D→E,50,2.318181818181818,1,FALSE
solid,P_fixTime,Fixation time,4,+20%,0.2,20,23.076923076923077,A to B,A→B,10,0.43333333333333335,0.43333333333333335,TRUE
solid,P_fixTime,Fixation time,4,+20%,0.2,20,23.076923076923077,B to C,B→C,20,0.8666666666666667,0.8666666666666667,TRUE
solid,P_fixTime,Fixation time,4,+20%,0.2,20,23.076923076923077,C to D,C→D,35,1.5166666666666666,1,FALSE
solid,P_fixTime,Fixation time,4,+20%,0.2,20,23.076923076923077,D to E,D→E,50,2.1666666666666665,1,FALSE
solid,P_store,Storage,5,-20%,-0.2,15,12.371134020618557,A to B,A→B,10,0.8083333333333333,0.8083333333333333,TRUE
solid,P_store,Storage,5,-20%,-0.2,15,12.371134020618557,B to C,B→C,20,1.6166666666666667,1,FALSE
solid,P_store,Storage,5,-20%,-0.2,15,12.371134020618557,C to D,C→D,35,2.8291666666666666,1,FALSE
solid,P_store,Storage,5,-20%,-0.2,15,12.371134020618557,D to E,D→E,50,4.041666666666666,1,FALSE
solid,P_store,Storage,5,-10%,-0.1,15,13.705583756345177,A to B,A→B,10,0.7296296296296296,0.7296296296296296,TRUE
solid,P_store,Storage,5,-10%,-0.1,15,13.705583756345177,B to C,B→C,20,1.4592592592592593,1,FALSE
solid,P_store,Storage,5,-10%,-0.1,15,13.705583756345177,C to D,C→D,35,2.553703703703704,1,FALSE
solid,P_store,Storage,5,-10%,-0.1,15,13.705583756345177,D to E,D→E,50,3.6481481481481484,1,FALSE
solid,P_store,Storage,5,Nominal,0,15,15,A to B,A→B,10,0.6666666666666666,0.6666666666666666,TRUE
solid,P_store,Storage,5,Nominal,0,15,15,B to C,B→C,20,1.3333333333333333,1,FALSE
solid,P_store,Storage,5,Nominal,0,15,15,C to D,C→D,35,2.3333333333333335,1,FALSE
solid,P_store,Storage,5,Nominal,0,15,15,D to E,D→E,50,3.3333333333333335,1,FALSE
solid,P_store,Storage,5,+10%,0.1,15,16.25615763546798,A to B,A→B,10,0.6151515151515152,0.6151515151515152,TRUE
solid,P_store,Storage,5,+10%,0.1,15,16.25615763546798,B to C,B→C,20,1.2303030303030305,1,FALSE
solid,P_store,Storage,5,+10%,0.1,15,16.25615763546798,C to D,C→D,35,2.1530303030303033,1,FALSE
solid,P_store,Storage,5,+10%,0.1,15,16.25615763546798,D to E,D→E,50,3.075757575757576,1,FALSE
solid,P_store,Storage,5,+20%,0.2,15,17.475728155339805,A to B,A→B,10,0.5722222222222223,0.5722222222222223,TRUE
solid,P_store,Storage,5,+20%,0.2,15,17.475728155339805,B to C,B→C,20,1.1444444444444446,1,FALSE
solid,P_store,Storage,5,+20%,0.2,15,17.475728155339805,C to D,C→D,35,2.0027777777777778,1,FALSE
solid,P_store,Storage,5,+20%,0.2,15,17.475728155339805,D to E,D→E,50,2.861111111111111,1,FALSE
