"protocol_version","language_family","n_records","implementation","workers","timing_region","repetitions","median_elapsed_sec","median_ci95_low_sec","median_ci95_high_sec","geometric_mean_elapsed_sec","mean_elapsed_sec","sd_elapsed_sec","iqr_elapsed_sec","cv_percent","median_throughput_profiles_sec","relative_ci_half_width_percent","timing_outlier_count","precision_passed","smoke_variability_passed","stability_passed"
"2.4.0","CUDA",10000,"cpp_cuda",1,"compute",30,3.207457210415e-06,3.20028106671e-06,3.21060039678e-06,3.20737863450093e-06,3.20742552818e-06,1.76458908572635e-08,1.69138402350004e-08,0.550157461248253,3117734504.47567,0.160864656845487,0,TRUE,TRUE,TRUE
"2.4.0","CUDA",50000,"cpp_cuda",1,"compute",30,1.06188512231e-05,1.061285426295e-05,1.06264002568e-05,1.06208662997923e-05,1.062087844876e-05,1.63412931940724e-08,2.2522460725e-08,0.153860090508617,4708607301.09409,0.0637827650345675,0,TRUE,TRUE,TRUE
"2.4.0","CUDA",100000,"cpp_cuda",1,"compute",30,1.917400890175e-05,1.915920945105e-05,1.917696291705e-05,1.91657786900236e-05,1.916579913645e-05,2.84630295975759e-08,2.55395724750017e-08,0.148509485020346,5215393427.40947,0.0462956549435525,0,TRUE,TRUE,TRUE
"2.4.0","CUDA",500000,"cpp_cuda",1,"compute",30,0.0002858125491055,0.000285795224652,0.0002858485955625,0.000285835232820884,0.000285835257255067,1.20235840609876e-07,8.08897572500411e-08,0.0420647339885655,1749398343.6993,0.00933669824279381,2,TRUE,TRUE,TRUE
"2.4.0","CUDA",1000000,"cpp_cuda",1,"compute",30,0.000634395521528,0.0006340738836835,0.0006347160575775,0.000634273815746101,0.000634274408592933,8.81731313552721e-07,8.88134523000048e-07,0.139014171407095,1576303711.56507,0.0506130538605705,0,TRUE,TRUE,TRUE
"2.4.0","CUDA",2000000,"cpp_cuda",1,"compute",30,0.00126375586898,0.00126333602855,0.00126406305531,0.00126362984362673,0.00126363187982067,2.30589371882091e-06,1.39481420500013e-06,0.182481445399127,1582584143.91562,0.0287645255640504,2,TRUE,TRUE,TRUE
"2.4.0","CUDA",5000000,"cpp_cuda",1,"compute",30,0.0031287611409,0.00312720933472,0.00313046439035,0.00312866048460902,0.003128663567286,4.46740327486871e-06,6.13108918500046e-06,0.142789506726798,1598076618.27111,0.0520182826910142,0,TRUE,TRUE,TRUE
"2.4.0","C++",10000,"cpp_openmp",1,"compute",30,0.000159496944833,0.00015927429664,0.0001596719824015,0.000159684898215882,0.000159689516979933,1.25022399132212e-06,4.65117377250013e-07,0.782909244743489,62697127.4327382,0.124668770902291,1,TRUE,TRUE,TRUE
"2.4.0","C++",50000,"cpp_openmp",1,"compute",30,0.000827248803347,0.0008259411693365,0.0008289617970015,0.000827529763194222,0.000827533324293267,2.4695202199549e-06,4.06573922975004e-06,0.298419428856708,60441308.3729502,0.182570688091576,0,TRUE,TRUE,TRUE
"2.4.0","C++",100000,"cpp_openmp",1,"compute",30,0.00168113454325,0.00167419286778,0.00169062732669,0.00168418373199255,0.00168424381127867,1.44934281178739e-05,2.40604509700001e-05,0.860530287884543,59483638.8711204,0.488790709107337,0,TRUE,TRUE,TRUE
"2.4.0","C++",500000,"cpp_openmp",1,"compute",30,0.009326715145405,0.009222808325,0.00941204132542125,0.00933418693775418,0.00933528200119467,0.000145623715454704,0.0002105431955725,1.55992840319198,53609765.1134491,1.01446756693583,0,TRUE,TRUE,TRUE
"2.4.0","C++",1000000,"cpp_openmp",1,"compute",30,0.018994391,0.0188805516,0.01910404798275,0.0190316642657236,0.01903273605801,0.000205998123706025,0.000299577777925001,1.08233584009236,52647121.0846899,0.588322054521249,0,TRUE,TRUE,TRUE
"2.4.0","C++",2000000,"cpp_openmp",1,"compute",30,0.03797570866665,0.0378669049333,0.0382746177667,0.0382070335967726,0.03821166689237,0.000613321529491678,0.0005644837,1.60506352999258,52665270.9815194,0.536807406253948,1,TRUE,TRUE,TRUE
"2.4.0","C++",5000000,"cpp_openmp",1,"compute",30,0.09447725041665,0.09421017566665,0.094692635,0.0946348004026052,0.09463716132222,0.00068169325731654,0.000962631125024996,0.720323018772208,52922794.7107835,0.255330955982693,0,TRUE,TRUE,TRUE
"2.4.0","C++",10000,"cpp_sequential",1,"compute",30,0.00015065529168,0.000150568352847,0.0001508333219605,0.000150730130126329,0.000150730348974167,2.61291500177688e-07,3.99103035000014e-07,0.17335029206525,66376692.7098756,0.0879388671135422,0,TRUE,TRUE,TRUE
"2.4.0","C++",50000,"cpp_sequential",1,"compute",30,0.0007991083236785,0.000798368495509,0.0007995090805445,0.000798947579119984,0.000798948952516767,1.50691946929056e-06,1.7437827207501e-06,0.18861273483664,62569739.9509526,0.0713661090557552,0,TRUE,TRUE,TRUE
"2.4.0","C++",100000,"cpp_sequential",1,"compute",30,0.001638272948385,0.001631352783385,0.001647969599305,0.00164098653854383,0.00164108165776467,1.79946857157526e-05,2.54551103150002e-05,1.09651373108778,61039955.2392246,0.507144305116581,0,TRUE,TRUE,TRUE
"2.4.0","C++",500000,"cpp_sequential",1,"compute",30,0.009108587139345,0.009043017065575,0.009180563615845,0.00916423730591244,0.009165858923147,0.000176268893681075,0.000271419382327501,1.92310284457831,54893260.9805676,0.755037791074421,0,TRUE,TRUE,TRUE
"2.4.0","C++",1000000,"cpp_sequential",1,"compute",30,0.01869669996665,0.01853304421665,0.0188903277362,0.0187493080663454,0.01875193841742,0.00032140466921574,0.000436518426450001,1.7139810405796,53485377.9921243,0.955472142643622,0,TRUE,TRUE,TRUE
"2.4.0","C++",2000000,"cpp_sequential",1,"compute",30,0.03731429773335,0.03717834293335,0.0374144269,0.0373907775565363,0.0373950431200067,0.000585673066718947,0.000338857283275006,1.56617834304784,53598763.0852104,0.31634518266573,1,TRUE,TRUE,TRUE
"2.4.0","C++",5000000,"cpp_sequential",1,"compute",30,0.09268483225,0.092472373,0.092914889,0.0928183959368061,0.0928201524666567,0.000581647697537373,0.000727676541725009,0.626639454989384,53946260.0956264,0.238720829103083,0,TRUE,TRUE,TRUE
"2.4.0","Python/Cython",10000,"cython_openmp",1,"compute",30,7.696944456625e-05,7.68263091256e-05,7.707908233855e-05,7.69857489367791e-05,7.69867115014133e-05,3.91492287038667e-07,3.57813418074999e-07,0.508519300803594,129921690.398234,0.164203609870421,0,TRUE,TRUE,TRUE
"2.4.0","Python/Cython",50000,"cython_openmp",1,"compute",30,0.0006228192151405,0.0006185878893965,0.0006292356149865,0.000624933703598374,0.00062499936554,9.24139558581022e-06,1.232168343175e-05,1.47862479473489,80280442.7509639,0.854800665358246,0,TRUE,TRUE,TRUE
"2.4.0","Python/Cython",100000,"cython_openmp",1,"compute",30,0.001217854410015,0.001215664398285,0.001223670300715,0.00122063272588244,0.00122066699788933,9.32644591376558e-06,1.066530369e-05,0.764045061420685,82111626.4497126,0.328688813874772,0,TRUE,TRUE,TRUE
"2.4.0","Python/Cython",500000,"cython_openmp",1,"compute",30,0.007362905554505,0.00733530285748,0.007431098793205,0.00740801581416192,0.007409884295546,0.000171415748341038,0.0001457760282725,2.3133390685206,67907983.0226533,0.650530792605287,2,TRUE,TRUE,TRUE
"2.4.0","Python/Cython",1000000,"cython_openmp",1,"compute",30,0.0134480222513,0.01336727542105,0.013531358875,0.0134732851594265,0.01347676926422,0.000315332855725804,0.000231676822249999,2.33982529153329,74360527.8027112,0.610065372007166,2,TRUE,TRUE,TRUE
"2.4.0","Python/Cython",2000000,"cython_openmp",1,"compute",30,0.02644276206895,0.0263227076262,0.02660319605,0.0265997371481537,0.0266046446106667,0.00052282227033453,0.000519751037499998,1.9651541224682,75635073.1473905,0.530368996757257,3,TRUE,TRUE,TRUE
"2.4.0","Python/Cython",5000000,"cython_openmp",1,"compute",30,0.0726228971111,0.0725105575,0.073110944125,0.0733141661036496,0.0733330379731467,0.00171644122881047,0.00127168978125,2.34061110278699,68848810.1539967,0.413359043003697,4,TRUE,TRUE,TRUE
"2.4.0","Python/Cython",10000,"cython_sequential",1,"compute",30,7.694852030305e-05,7.688860589045e-05,7.712366516465e-05,7.7053020037416e-05,7.705396508847e-05,3.88578561682012e-07,4.45153441199999e-07,0.504294050586317,129957015.928968,0.152738008004727,0,TRUE,TRUE,TRUE
"2.4.0","Python/Cython",50000,"cython_sequential",1,"compute",30,0.000621125927646,0.000619276190188,0.000626685186805,0.000623582757396533,0.000623657445612733,9.85058778231286e-06,1.18691821175e-05,1.5794869205217,80498976.061013,0.596416627227207,0,TRUE,TRUE,TRUE
"2.4.0","Python/Cython",100000,"cython_sequential",1,"compute",30,0.00121834319394,0.00121033889433,0.00122430678445,0.00122116972762973,0.001221336492858,2.08561209782514e-05,1.62592238575e-05,1.70764740922846,82078679.0620154,0.573232985150474,1,TRUE,TRUE,TRUE
"2.4.0","Python/Cython",500000,"cython_sequential",1,"compute",30,0.00737844622912,0.007353380108915,0.00743940689683,0.00740384643582309,0.007404857754402,0.000125412909162056,0.000120848794065,1.69365723585306,67765030.7512271,0.582960051775428,1,TRUE,TRUE,TRUE
"2.4.0","Python/Cython",1000000,"cython_sequential",1,"compute",30,0.01342933245715,0.013258263925,0.0135305904315,0.0134261941177434,0.0134283001551167,0.000242393189982112,0.000383318749650001,1.80509213513336,74463944.0685478,1.01392421167967,0,TRUE,TRUE,TRUE
"2.4.0","Python/Cython",2000000,"cython_sequential",1,"compute",30,0.0264633003,0.026374503425,0.0266393589155,0.0266044636601045,0.0266090080220833,0.000504939938907657,0.000388182477599999,1.89762782020509,75576363.3912225,0.500420369903742,3,TRUE,TRUE,TRUE
"2.4.0","Python/Cython",5000000,"cython_sequential",1,"compute",30,0.0726893029375,0.0724130324272513,0.0730601884653,0.0733329197879228,0.073365866075,0.00230889032369723,0.000858090375025003,3.14709066657363,68785939.6644828,0.44515218326222,3,TRUE,TRUE,TRUE
"2.4.0","R",10000,"r_psock",1,"compute",30,0.0082977865477,0.007383308895405,0.00981550958392,0.00984670855722404,0.0118241345664627,0.00953822315178124,0.0039419612216525,80.6674103560606,1205212.1728686,14.6557197786027,3,FALSE,FALSE,FALSE
"2.4.0","R",50000,"r_psock",1,"compute",30,0.03,0.02995,0.03010238095235,0.028840279198751,0.0289595860566467,0.00252891553580013,0.000210714285725,8.73256796852489,1666666.66666667,0.253968253916669,5,TRUE,TRUE,TRUE
"2.4.0","R",100000,"r_psock",1,"compute",30,0.0677777777778,0.0674444444444,0.06783333333335,0.065348611689523,0.06554739057239,0.00495004562665289,0.000750000000024995,7.5518576459365,1475409.83606509,0.286885245946638,5,TRUE,TRUE,TRUE
"2.4.0","R",500000,"r_psock",1,"compute",30,0.372,0.36775,0.373,0.356678591458936,0.358233333333333,0.0321018971521367,0.00875000000000004,8.96116976425142,1344086.02150538,0.705645161290319,5,TRUE,TRUE,TRUE
"2.4.0","R",1000000,"r_psock",1,"compute",30,0.652,0.648,0.655,0.631248545618319,0.633183333333333,0.048078865407272,0.01725,7.59319819019326,1533742.33128834,0.536809815950921,5,TRUE,TRUE,TRUE
"2.4.0","R",2000000,"r_psock",1,"compute",30,1.3885,1.379,1.4015,1.32575118331499,1.3324,0.128705116046534,0.0365,9.65964545530875,1440403.4997085,0.810226863521785,6,TRUE,TRUE,TRUE
"2.4.0","R",5000000,"r_psock",1,"compute",30,3.463,3.441,3.5305,3.32804339658689,3.34413333333333,0.317530637493654,0.10675,9.49515482318251,1443834.94569213,1.29223216863991,6,TRUE,TRUE,TRUE
"2.4.0","R",10000,"r_sequential",1,"compute",30,0.001922101449275,0.00191576086957,0.001932065217395,0.00192979736589475,0.00193004227053167,3.16485785557667e-05,2.44565217374999e-05,1.639786808765,5202643.64140383,0.424128180933165,2,TRUE,TRUE,TRUE
"2.4.0","R",50000,"r_sequential",1,"compute",30,0.009327956989245,0.009298387096775,0.00937096774194,0.00934681152702213,0.00934733520336567,0.000100965856729811,0.00013709677419,1.08015658509236,5360232.32822673,0.38904899137445,0,TRUE,TRUE,TRUE
"2.4.0","R",100000,"r_sequential",1,"compute",30,0.01934983314795,0.01926696329255,0.0194137931034,0.0194032469945141,0.0194047115842933,0.000244508792674347,0.000228587319299998,1.26004857950199,5168003.5650603,0.379408467575214,1,TRUE,TRUE,TRUE
"2.4.0","R",500000,"r_sequential",1,"compute",30,0.1050714285715,0.104714285714,0.105380952381,0.105201451814397,0.1052039682539,0.000740954874967048,0.00110714285725,0.704303162005089,4758669.77225349,0.317244505030379,0,TRUE,TRUE,TRUE
"2.4.0","R",1000000,"r_sequential",1,"compute",30,0.1965,0.1962916666665,0.19675,0.19653449511281,0.196536111111067,0.000810811562282373,0.000874999999999959,0.412550934125366,5089058.52417303,0.116624257888043,0,TRUE,TRUE,TRUE
"2.4.0","R",2000000,"r_sequential",1,"compute",30,0.4525,0.45175,0.4535,0.454483804168077,0.45455,0.00803156488380431,0.00237500000000002,1.7669266051709,4419889.50276243,0.19337016574586,2,TRUE,TRUE,TRUE
"2.4.0","R",5000000,"r_sequential",1,"compute",30,1.046,1.045,1.047,1.04569655240443,1.0457,0.0027310475443784,0.00374999999999992,0.261169316666195,4780114.72275335,0.095602294455067,0,TRUE,TRUE,TRUE
"2.4.0","C++",10000,"cpp_openmp",2,"compute",30,0.0001197707248855,0.0001196561319135,0.000119965816097,0.00011132793512137,0.000112753553192997,1.64937739087042e-05,5.77955986249992e-07,14.6281633186959,83492857.0658282,0.129282086167575,6,TRUE,TRUE,TRUE
"2.4.0","C++",50000,"cpp_openmp",2,"compute",30,0.0006116219937005,0.00060964032405,0.000612474297748,0.000573694957470128,0.000579201904809967,7.44734182516825e-05,3.74113006125e-06,12.8579373847393,81749840.6124991,0.231676895794222,5,TRUE,TRUE,TRUE
"2.4.0","C++",100000,"cpp_openmp",2,"compute",30,0.00121947655047,0.00121594099115,0.00122627053416,0.00114883536768753,0.0011595082876232,0.000146992369864385,1.37127943725e-05,12.67712973106,82002466.8379633,0.423523642419306,5,TRUE,TRUE,TRUE
"2.4.0","C++",500000,"cpp_openmp",2,"compute",30,0.00631849724073,0.006293580227275,0.00635964385151,0.00604871877252752,0.00608326127008,0.000617748194527324,0.000104517781935,10.1548851364591,79132778.8649012,0.522779560693192,5,TRUE,TRUE,TRUE
"2.4.0","C++",1000000,"cpp_openmp",2,"compute",30,0.01279873011995,0.0127602490341,0.01282648181395,0.012296109454841,0.0123561495668027,0.0011659624300055,0.000133090844874999,9.43629262256668,78132753.9023916,0.258747466464497,7,TRUE,TRUE,TRUE
"2.4.0","C++",2000000,"cpp_openmp",2,"compute",30,0.0257077508409,0.02564261713635,0.02577995361365,0.0243916943083486,0.0245442139267467,0.00262724551073781,0.000294988988674996,10.7041338483235,77797548.934223,0.267111032291287,6,TRUE,TRUE,TRUE
"2.4.0","C++",5000000,"cpp_openmp",2,"compute",30,0.0642060213889,0.0640100286111,0.0645459246111,0.0607372478499323,0.0611463283379567,0.0067740708259424,0.000740459722249995,11.0784588544745,77874359.9586255,0.417325344576369,6,TRUE,TRUE,TRUE
"2.4.0","Python/Cython",10000,"cython_openmp",2,"compute",30,7.55549006401e-05,7.53961470532e-05,7.580211791525e-05,6.78553511618858e-05,6.962041875936e-05,1.37834033096914e-05,6.13790692174999e-07,19.7979322091313,132354089.170253,0.268659516861657,5,TRUE,TRUE,TRUE
"2.4.0","Python/Cython",50000,"cython_openmp",2,"compute",30,0.000583893018029,0.0005796853804545,0.000588164698722,0.000551763998581339,0.000556456017590433,6.78374062049791e-05,1.26759580525e-05,12.1909736008838,85632125.1806254,0.726102043155336,5,TRUE,TRUE,TRUE
"2.4.0","Python/Cython",100000,"cython_openmp",2,"compute",30,0.00113056895763,0.00112401140398917,0.001138234643255,0.00106318713712329,0.0010733464208485,0.000137703794001866,1.70651089099999e-05,12.8293895919464,88451039.9613856,0.629030152024037,5,TRUE,TRUE,TRUE
"2.4.0","Python/Cython",500000,"cython_openmp",2,"compute",30,0.00603673714423,0.00601725235397,0.006049046401435,0.00571506058426691,0.00575784562727133,0.000661384649305258,6.45810438724996e-05,11.4866686625409,82826204.6452183,0.263338014438725,5,TRUE,TRUE,TRUE
"2.4.0","Python/Cython",1000000,"cython_openmp",2,"compute",30,0.0104450066365,0.01041575316,0.01054808246875,0.00997766593355544,0.010052074388104,0.00115595708841866,0.000215967132650001,11.4996869679622,95739527.6569797,0.633457274634838,5,TRUE,TRUE,TRUE
"2.4.0","Python/Cython",2000000,"cython_openmp",2,"compute",30,0.02062931817835,0.0202957520354,0.0207237285126,0.0192765219393159,0.0194544170789667,0.00249432087459006,0.00060013611,12.821360128476,96949405.5005635,1.037301556697,6,TRUE,TRUE,TRUE
"2.4.0","Python/Cython",5000000,"cython_openmp",2,"compute",30,0.0560438130909,0.05572848813635,0.0563972266818,0.0527881684474511,0.0532472816744433,0.00665062331480719,0.000967099909125003,12.4900710527712,89216052.601314,0.596621204525594,6,TRUE,TRUE,TRUE
"2.4.0","R",10000,"r_psock",2,"compute",30,0.048,0.0479166666667,0.0486666666667,0.04822920340556,0.0482820818070933,0.00230864247913095,0.00268154761904999,4.78157194703186,208333.333333333,0.781250000000001,0,TRUE,TRUE,TRUE
"2.4.0","R",50000,"r_psock",2,"compute",30,0.03143958333335,0.03091666666665,0.03386666666665,0.0289647058036882,0.02978137345679,0.00618869400814797,0.0039083333333,20.7804183951663,1590575.64693793,4.69153800278063,5,TRUE,TRUE,TRUE
"2.4.0","R",100000,"r_psock",2,"compute",30,0.0604375,0.0603125,0.0605625,0.05453512099331,0.0558874999999967,0.010856437339348,0.0003125,19.4255197304383,1654601.86142709,0.206825232678387,7,TRUE,TRUE,TRUE
"2.4.0","R",500000,"r_psock",2,"compute",30,0.345,0.343,0.34575,0.31295854279721,0.3195944444445,0.0581384706439989,0.00349999999999995,18.1913270567177,1449275.36231884,0.398550724637677,5,TRUE,TRUE,TRUE
"2.4.0","R",1000000,"r_psock",2,"compute",30,0.638,0.6345,0.6395,0.582399179796919,0.591583333333333,0.0965253301875528,0.00675000000000003,16.3164384033052,1567398.11912226,0.391849529780556,6,TRUE,TRUE,TRUE
"2.4.0","R",2000000,"r_psock",2,"compute",30,1.216,1.2135,1.219,1.09784812062263,1.12026666666667,0.204697242090704,0.0135000000000001,18.2721889512054,1644736.84210526,0.226151315789476,6,TRUE,TRUE,TRUE
"2.4.0","R",5000000,"r_psock",2,"compute",30,3.0915,3.0535,3.095,2.78281156312692,2.8368,0.507035902966005,0.0630000000000002,17.8735160380007,1617338.24263369,0.67119521267993,6,TRUE,TRUE,TRUE
"2.4.0","C++",10000,"cpp_openmp",4,"compute",30,0.0001557454212375,0.0001553087611,0.000156149194024,0.000121671551866619,0.00013583971174291,4.58089023871146e-05,1.277339436e-06,33.7227617751519,64207346.3442325,0.269809833676718,5,TRUE,FALSE,TRUE
"2.4.0","C++",50000,"cpp_openmp",4,"compute",30,0.0006564569157705,0.0006539564373035,0.000657768618549,0.000541828860540707,0.000582082816094,0.000170924191790944,5.29309180000007e-06,29.3642394286627,76166462.2028727,0.29036035373513,5,TRUE,TRUE,TRUE
"2.4.0","C++",100000,"cpp_openmp",4,"compute",30,0.00127239844058,0.00126662659497,0.00127607648981,0.00105484121713244,0.00112979997267863,0.000326880208445966,1.33686880750001e-05,28.9325735838857,78591736.3947326,0.371341811598433,5,TRUE,TRUE,TRUE
"2.4.0","C++",500000,"cpp_openmp",4,"compute",30,0.00643057996819,0.006385606485305,0.00645331163726,0.00547820953170006,0.005786736871051,0.00154522367898716,0.00010824618458,26.7028502145547,77753486.8244862,0.526431148433856,5,TRUE,TRUE,TRUE
"2.4.0","C++",1000000,"cpp_openmp",4,"compute",30,0.0129576470814,0.01292651237235,0.01302116652325,0.0107313297983486,0.011421102857553,0.00331353292906653,0.000174325103749999,29.0123727138594,77174510.8349117,0.365244362288086,6,TRUE,TRUE,TRUE
"2.4.0","C++",2000000,"cpp_openmp",4,"compute",30,0.02590284461365,0.0258016041818,0.0261794325,0.0214957327360464,0.022866777200881,0.00661581448847009,0.000515735451349999,28.9319934783604,77211597.1981302,0.729318196197071,6,TRUE,TRUE,TRUE
"2.4.0","C++",5000000,"cpp_openmp",4,"compute",30,0.064460466,0.0641823181111,0.06472295766665,0.0531720304475169,0.0566053285331667,0.0164463179383145,0.000788186888874998,29.0543635457891,77566993.8916045,0.419357467529005,6,TRUE,TRUE,TRUE
"2.4.0","Python/Cython",10000,"cython_openmp",4,"compute",30,0.000132561741542,0.000132029527263879,0.000132812221435679,9.89619515402604e-05,0.000114648679056587,4.193132455743e-05,1.70852707849999e-06,36.573752879206,75436559.3209611,0.295218727023139,5,TRUE,FALSE,TRUE
"2.4.0","Python/Cython",50000,"cython_openmp",4,"compute",30,0.00065142923847,0.0006459015501295,0.0006558593272485,0.000550989159797661,0.0005841114997925,0.000159623021371342,1.267568917275e-05,27.3274916566523,76754309.8132804,0.764302285723892,5,TRUE,TRUE,TRUE
"2.4.0","Python/Cython",100000,"cython_openmp",4,"compute",30,0.001205357509535,0.00119704100921,0.00121124727226083,0.00102584657375308,0.00108234338558113,0.000286627244546781,2.13454735275001e-05,26.4820987835468,82962940.3240212,0.589296658396141,5,TRUE,TRUE,TRUE
"2.4.0","Python/Cython",500000,"cython_openmp",4,"compute",30,0.00609192843387,0.00608339901651,0.006145226241755,0.00524976134695196,0.00551520795068,0.0014160543508708,9.32377532350008e-05,25.6754480254223,82075821.5456304,0.507451999117818,5,TRUE,TRUE,TRUE
"2.4.0","Python/Cython",1000000,"cython_openmp",4,"compute",30,0.0108202081006,0.0106630964763,0.01095467360075,0.00911626946320606,0.009604749895374,0.00260105237699411,0.00034777632655,27.0808964869233,92420277.5292675,1.34737299753889,6,TRUE,TRUE,TRUE
"2.4.0","Python/Cython",2000000,"cython_openmp",4,"compute",30,0.02097847136,0.0207082226875,0.0210428214146,0.0173564719929739,0.0184090850700137,0.00522786020761894,0.000595001285000001,28.3982619871454,95335852.5233209,0.79748119240467,6,TRUE,TRUE,TRUE
"2.4.0","Python/Cython",5000000,"cython_openmp",4,"compute",30,0.0566161695909,0.056357848,0.0570255023636,0.0470408989937299,0.0500979091152933,0.0146168225292444,0.00102289159095,29.1765121286915,88314068.090047,0.589632227351631,8,TRUE,TRUE,TRUE
"2.4.0","R",10000,"r_psock",4,"compute",30,0.082,0.0792967032967,0.0840314399252,0.0768083601553244,0.0779860081051867,0.0119053491041064,0.005901895206275,15.266006548314,121951.345461681,2.88703452957317,3,TRUE,TRUE,TRUE
"2.4.0","R",50000,"r_psock",4,"compute",30,0.0456,0.04158958333335,0.0488571428571,0.0400134641308084,0.04311232537732,0.0146915917573209,0.01001875,34.0774746635441,1096493.57172628,7.96881526726974,6,TRUE,FALSE,TRUE
"2.4.0","R",100000,"r_psock",4,"compute",30,0.064225,0.063625,0.0684375,0.0569166388999144,0.06031367585631,0.0168987988462263,0.00725446428572502,28.0181875939475,1557026.31610846,3.7465940054496,5,TRUE,TRUE,TRUE
"2.4.0","R",500000,"r_psock",4,"compute",30,0.32625,0.325,0.32725,0.28783286554105,0.297716666666667,0.0659329509652685,0.0025,22.1462075682478,1532567.94971767,0.344827586206901,5,TRUE,TRUE,TRUE
"2.4.0","R",1000000,"r_psock",4,"compute",30,0.671,0.67,0.6745,0.592841354521151,0.6133,0.136086154252776,0.00675000000000003,22.1891658654453,1490312.9657228,0.335320417287635,5,TRUE,TRUE,TRUE
"2.4.0","R",2000000,"r_psock",4,"compute",30,1.258,1.254,1.2615,1.10248661281588,1.13716666666667,0.249439382911212,0.0102500000000001,21.9351648463619,1589825.11923688,0.298092209856909,6,TRUE,TRUE,TRUE
"2.4.0","R",5000000,"r_psock",4,"compute",30,3.1335,3.125,3.1405,2.73620628306239,2.8262,0.631444780123193,0.0249999999999995,22.342536979803,1595659.84595708,0.247327269826078,6,TRUE,TRUE,TRUE
"2.4.0","C++",10000,"cpp_openmp",8,"compute",30,0.0001832050396865,0.0001828874433355,0.000183443238735,0.000122313757047784,0.000155620529385597,6.34728856923131e-05,1.31887387325001e-06,40.7869616835964,54583651.5447401,0.151686711362053,5,TRUE,FALSE,TRUE
"2.4.0","C++",50000,"cpp_openmp",8,"compute",30,0.000696727597873,0.0006925720132415,0.000700218541536,0.000507756796794382,0.00059957695149788,0.000226046917348655,1.0134523932e-05,37.7010685257227,71764194.5439831,0.548745902835163,5,TRUE,FALSE,TRUE
"2.4.0","C++",100000,"cpp_openmp",8,"compute",30,0.00132656672549,0.001318168080535,0.0013333252348,0.000980255983415903,0.00114362507268033,0.000423230664734507,2.8772708955e-05,37.0078161842477,75382571.1488566,0.571292569523837,5,TRUE,FALSE,TRUE
"2.4.0","C++",500000,"cpp_openmp",8,"compute",30,0.006604776533135,0.00657532094979,0.006633295734295,0.00500319792574724,0.00573154715523567,0.00205249812881894,8.79350718824999e-05,35.810542480559,75702791.5061902,0.438885284113327,6,TRUE,FALSE,TRUE
"2.4.0","C++",1000000,"cpp_openmp",8,"compute",30,0.0131999195378,0.0131147124186,0.0132669112821,0.00957179768638732,0.0111373969392117,0.00435008468966682,0.000262213713899999,39.0583608845922,75758045.1089244,0.576514360804082,6,TRUE,FALSE,TRUE
"2.4.0","C++",2000000,"cpp_openmp",8,"compute",30,0.026354859,0.0261116771591,0.0264520412208,0.0190664595459312,0.0221936422216697,0.00867417492827276,0.000473945615750003,39.0840531789928,75887339.0744945,0.645733034845678,6,TRUE,FALSE,TRUE
"2.4.0","C++",5000000,"cpp_openmp",8,"compute",30,0.0651877267778,0.064895128,0.06545438372225,0.0470816012299901,0.0548024594711133,0.0214114821011843,0.0007716021111,39.0702941215082,76701568.3846126,0.428957834468053,6,TRUE,FALSE,TRUE
"2.4.0","Python/Cython",10000,"cython_openmp",8,"compute",30,0.000191308778815,0.000190827021146,0.000191867803992,0.000127587601514696,0.00016245985501131,6.63053988727309e-05,1.54687401300002e-06,40.8134051751523,52271519.1434333,0.272016488852939,5,TRUE,FALSE,TRUE
"2.4.0","Python/Cython",50000,"cython_openmp",8,"compute",30,0.0006925120970055,0.0006905270226245,0.000695733580521,0.000541011518114307,0.000604788744898433,0.000204670012771057,7.89895630375005e-06,33.8415710440228,72200925.3183649,0.375918191105527,5,TRUE,FALSE,TRUE
"2.4.0","Python/Cython",100000,"cython_openmp",8,"compute",30,0.001241512594715,0.00123451555657,0.00124831677909,0.000978190580513661,0.00108684922047883,0.000361682903837942,1.98604768149998e-05,33.278112273807,80546908.2939573,0.555822896149038,5,TRUE,FALSE,TRUE
"2.4.0","Python/Cython",500000,"cython_openmp",8,"compute",30,0.006194970277455,0.006167175816195,0.00623622553526,0.00489400610271779,0.00542482033914333,0.00179281010873597,0.0001028425529775,33.0482854114038,80710704.9030083,0.557304684061907,5,TRUE,FALSE,TRUE
"2.4.0","Python/Cython",1000000,"cython_openmp",8,"compute",30,0.0108741058732,0.0107795046848,0.0111012410909,0.00823879740057361,0.00932972954365933,0.00343851033418094,0.000443812228049999,36.855412775795,91961621.143336,1.4793694757605,6,TRUE,FALSE,TRUE
"2.4.0","Python/Cython",2000000,"cython_openmp",8,"compute",30,0.0211535541875,0.0209376502083,0.02129602892665,0.0157481743574711,0.0179353242656297,0.00669569793982058,0.000537948081224999,37.3324610174563,94546765.452124,0.847088662201675,6,TRUE,FALSE,TRUE
"2.4.0","Python/Cython",5000000,"cython_openmp",8,"compute",30,0.05718465509095,0.0569906819,0.0575311311818,0.0424979153344252,0.04863826030725,0.0183688251468777,0.000981056659049989,37.766205104461,87436077.9337437,0.472547470069061,7,TRUE,FALSE,TRUE
"2.4.0","R",10000,"r_psock",8,"compute",30,0.0872142857143,0.0861547619048,0.0875,0.0862602824811004,0.08628174603175,0.00193611393112851,0.00214285714280001,2.24394384695931,114660.191569834,0.771225771203796,4,TRUE,TRUE,TRUE
"2.4.0","R",50000,"r_psock",8,"compute",30,0.0822380952381,0.0782083333333,0.0863125,0.0854028178674812,0.10691443001443,0.148120073342202,0.01264732142855,138.540768839352,607991.550783277,4.92725825132281,1,TRUE,FALSE,TRUE
"2.4.0","R",100000,"r_psock",8,"compute",30,0.07475,0.073875,0.079875,0.0700581374600919,0.0730389668616,0.0179220697937211,0.00884375000000001,24.5376825053964,1337796.38313996,4.01337792642141,4,TRUE,TRUE,TRUE
"2.4.0","R",500000,"r_psock",8,"compute",30,0.30025,0.2995,0.301,0.258044073410363,0.270631666666667,0.0682809794327736,0.002,25.2302253737639,1665280.08874099,0.249791840133223,5,TRUE,TRUE,TRUE
"2.4.0","R",1000000,"r_psock",8,"compute",30,0.594,0.593,0.594,0.509540915875125,0.530522222222233,0.129766240859927,0.003,24.4600952465981,1683501.68350168,0.0841750841750843,6,TRUE,TRUE,TRUE
"2.4.0","R",2000000,"r_psock",8,"compute",30,1.367,1.363,1.369,1.16632525754387,1.2178,0.306152024440417,0.00875000000000004,25.1397622302855,1463057.79078274,0.219458668617411,6,TRUE,TRUE,TRUE
"2.4.0","R",5000000,"r_psock",8,"compute",30,3.1265,3.121,3.13,2.69467159506056,2.80063333333333,0.67256787804259,0.0107500000000003,24.0148494284361,1599232.40936422,0.143930913161681,7,TRUE,TRUE,TRUE
"2.4.0","C++",10000,"cpp_openmp",16,"compute",30,0.000253833101794,0.000253377275939,0.000254381816766,0.000160657357300311,0.000214612848627103,9.02614638424738e-05,1.97761158324993e-06,42.0578098747973,39395965.7845461,0.197874276424213,5,TRUE,FALSE,TRUE
"2.4.0","C++",50000,"cpp_openmp",16,"compute",30,0.0007601697234465,0.000759085686197,0.0007631352701215,0.000524924299840545,0.000648734140496703,0.00025809717522294,5.97210338625e-06,39.7847375544823,65774784.9474614,0.266360511317116,5,TRUE,FALSE,TRUE
"2.4.0","C++",100000,"cpp_openmp",16,"compute",30,0.001394125841755,0.00139014158957,0.00139982048615,0.000978403408660241,0.00119229970947647,0.000467637786682817,1.60113496300001e-05,39.2214963205983,71729542.5767567,0.347131381189217,5,TRUE,FALSE,TRUE
"2.4.0","C++",500000,"cpp_openmp",16,"compute",30,0.006727999889285,0.00668161665432,0.006758586521085,0.00480010851874855,0.00577577575141887,0.00223300974090905,0.000101983074475001,38.6616419510486,74316299.1587808,0.572011504396587,5,TRUE,FALSE,TRUE
"2.4.0","C++",1000000,"cpp_openmp",16,"compute",30,0.0133127926027,0.01321336575355,0.0133772749762,0.0089097170856189,0.0110582007709263,0.00473654615969061,0.000316363368275003,42.832882652517,75115751.9975812,0.615607962737879,6,TRUE,FALSE,TRUE
"2.4.0","C++",2000000,"cpp_openmp",16,"compute",30,0.0265966476476,0.02649054885715,0.02670422914505,0.0178512260569062,0.0220776433901757,0.00941629938575732,0.000331639785725001,42.6508355957388,75197449.0508122,0.401705302734425,6,TRUE,FALSE,TRUE
"2.4.0","C++",5000000,"cpp_openmp",16,"compute",30,0.06505351733335,0.0647219913889,0.0652832286667,0.043879418797759,0.053945128854846,0.0228502857977285,0.000792213222225016,42.3583857945977,76859936.2981343,0.431365820639706,6,TRUE,FALSE,TRUE
"2.4.0","Python/Cython",10000,"cython_openmp",16,"compute",30,0.0003016339014325,0.0003003400299675,0.000303105699501,0.00019389210533748,0.000255541292512203,0.000106699380870959,4.30797555725005e-06,41.7542620302212,33152776.8579538,0.458448059114949,5,TRUE,FALSE,TRUE
"2.4.0","Python/Cython",50000,"cython_openmp",16,"compute",30,0.000807231541268,0.00080245327424,0.000810949742623,0.000617723916496128,0.000701218714519833,0.000246224837839229,1.39651644557501e-05,35.1138429053243,61940136.0511504,0.526272076141491,5,TRUE,FALSE,TRUE
"2.4.0","Python/Cython",100000,"cython_openmp",16,"compute",30,0.00134353149074,0.00133776526151,0.001351693182065,0.00105079446955053,0.00117457914182983,0.00039737494118216,1.94659853725002e-05,33.8312615157719,74430749.4923265,0.518332493543888,5,TRUE,FALSE,TRUE
"2.4.0","Python/Cython",500000,"cython_openmp",16,"compute",30,0.00631528919921,0.00629470846368,0.00636450998396,0.00489164478562174,0.005506865171379,0.00189729360660683,8.84786079500006e-05,34.4532424085429,79172937.9925893,0.552639143499016,5,TRUE,FALSE,TRUE
"2.4.0","Python/Cython",1000000,"cython_openmp",16,"compute",30,0.0109705102919,0.0109075567292,0.0110070213696,0.00856873009793352,0.00964098050498633,0.00332144117575109,0.00036747932315,34.451279867574,91153475.9637094,0.453327319119504,5,TRUE,FALSE,TRUE
"2.4.0","Python/Cython",2000000,"cython_openmp",16,"compute",30,0.0214043174375,0.0213027594375,0.021476237,0.015458042162242,0.018030185861617,0.00707268389921405,0.000293272497625001,39.2269051106706,93439107.5784432,0.405239650847435,6,TRUE,FALSE,TRUE
"2.4.0","Python/Cython",5000000,"cython_openmp",16,"compute",30,0.0578501811,0.0576547009091,0.05801932475,0.0415995927513879,0.0487208765906033,0.0192527920131573,0.000566641634099994,39.5165139883188,86430153.1302974,0.315144943340552,8,TRUE,FALSE,TRUE
"2.4.0","R",10000,"r_psock",16,"compute",30,0.0912857142857,0.0911428571429,0.0915,0.0905055431798326,0.0905293650793633,0.00208499402103379,0.000678571428574998,2.30311349163441,109546.165884211,0.195618153341185,5,TRUE,TRUE,TRUE
"2.4.0","R",50000,"r_psock",16,"compute",30,0.09403174603175,0.0927,0.0958472222222,0.0867939553464879,0.0887308465608667,0.0169398207560747,0.00652083333332501,19.0912421245238,531739.192876611,1.67348919647697,6,TRUE,TRUE,TRUE
"2.4.0","R",100000,"r_psock",16,"compute",30,0.100857142857,0.098,0.103892857143,0.0997852954168079,0.100354126984123,0.0101533255785399,0.01000357142855,10.1174967922806,991503.405661123,2.92138810205796,1,TRUE,TRUE,TRUE
"2.4.0","R",500000,"r_psock",16,"compute",30,0.35575,0.354,0.356,0.297473294532883,0.316816666666667,0.088885280901393,0.00375000000000003,28.0557465099878,1405482.07146131,0.28109627547435,5,TRUE,TRUE,TRUE
"2.4.0","R",1000000,"r_psock",16,"compute",30,0.615,0.6145,0.616,0.509685718180675,0.5407111111111,0.15302374376487,0.00275000000000003,28.3004622284205,1626016.2601626,0.121951219512191,6,TRUE,TRUE,TRUE
"2.4.0","R",2000000,"r_psock",16,"compute",30,1.1855,1.1835,1.1865,1.01337634630612,1.0573,0.263923728532996,0.00499999999999989,24.9620475298398,1687052.17694481,0.126528890763396,7,TRUE,TRUE,TRUE
"2.4.0","R",5000000,"r_psock",16,"compute",30,3.253,3.2455,3.258,2.88545131710501,2.96106666666667,0.601732208357433,0.0219999999999998,20.3214677714371,1537042.72978789,0.192130341223489,6,TRUE,TRUE,TRUE
"2.4.0","CUDA",10000,"cpp_cuda",1,"end_to_end",30,0.226000000000056,0.224999999999987,0.228500000000025,0.227654635132997,0.227700000000087,0.00464720902534413,0.00499999999988202,2.04093501332558,44247.7876106085,0.774336283194124,0,TRUE,TRUE,TRUE
"2.4.0","CUDA",50000,"cpp_cuda",1,"end_to_end",30,0.24649999999997,0.245000000000004,0.247999999999593,0.247873501221528,0.247933333333163,0.00557663434124677,0.00550000000072251,2.24924751596556,202840.591158973,0.608519269693483,2,TRUE,TRUE,TRUE
"2.4.0","CUDA",100000,"cpp_cuda",1,"end_to_end",30,0.277500000000032,0.273999999999887,0.279000000000224,0.27616687669623,0.276200000000114,0.00434225430107628,0.00774999999998649,1.57214131103349,360361.530270327,0.90090090096143,0,TRUE,TRUE,TRUE
"2.4.0","CUDA",500000,"cpp_cuda",1,"end_to_end",30,0.494999999999948,0.492999999999966,0.497000000000298,0.495502776063792,0.495533333333343,0.00560623626494702,0.00575000000094372,1.1313540155281,1010101.01010111,0.404040404073933,0,TRUE,TRUE,TRUE
"2.4.0","CUDA",1000000,"cpp_cuda",1,"end_to_end",30,0.769000000000233,0.766999999999825,0.773499999999558,0.770739886134402,0.770799999999933,0.00985900603508478,0.00949999999956219,1.27906149910296,1300392.31601692,0.422626788018919,1,TRUE,TRUE,TRUE
"2.4.0","CUDA",2000000,"cpp_cuda",1,"end_to_end",30,1.31250000000006,1.30899999999997,1.31600000000025,1.31257218435924,1.31260000000012,0.0087003765278233,0.012250000000565,0.66283532895189,1523809.74495191,0.266666666677513,0,TRUE,TRUE,TRUE
"2.4.0","CUDA",5000000,"cpp_cuda",1,"end_to_end",30,2.99650000000042,2.99199999999976,3.0034999999998,2.99763424861927,2.99766666666663,0.0141867673490711,0.0130000000006225,0.473260336341752,1668613.80040761,0.191890538962841,0,TRUE,TRUE,TRUE
"2.4.0","C++",10000,"cpp_openmp",1,"end_to_end",30,0.00700000000006185,0.00700000000000145,0.00750000000061846,0.00731861142006108,0.00733333333335296,0.000479463301560069,0.000999999999947938,6.53813593034708,1428571.42855881,3.57142857580423,10,TRUE,TRUE,TRUE
"2.4.0","C++",50000,"cpp_openmp",1,"end_to_end",30,0.0239999999994325,0.0230000000005929,0.0239999999998872,0.0236283825155951,0.0236333333333348,0.000490132517804761,0.000999999999834272,2.07390346038673,2083333.3333826,2.08333333191228,11,TRUE,TRUE,TRUE
"2.4.0","C++",100000,"cpp_openmp",1,"end_to_end",30,0.0439999999999258,0.043999999999869,0.0444999999999709,0.0443559541966172,0.0443666666666867,0.000999425122100424,0.0010000000001469,2.25264865987973,2272727.2727311,0.568181818298569,14,TRUE,TRUE,TRUE
"2.4.0","C++",500000,"cpp_openmp",1,"end_to_end",30,0.22400000000016,0.223499999999604,0.225999999999942,0.224881271141627,0.224900000000073,0.0029635719361254,0.00300000000061199,1.31772873993972,2232142.85714126,0.55803571436087,0,TRUE,TRUE,TRUE
"2.4.0","C++",1000000,"cpp_openmp",1,"end_to_end",30,0.452000000000112,0.450500000000375,0.452999999999975,0.45255232828014,0.452566666666693,0.00367360889294133,0.00300000000129352,0.811727677603545,2212389.38053042,0.276548672522054,0,TRUE,TRUE,TRUE
"2.4.0","C++",2000000,"cpp_openmp",1,"end_to_end",30,0.900999999999954,0.899499999999989,0.902999999999337,0.901816607626982,0.901833333333244,0.00560223682748952,0.0054999999982529,0.621205340324163,2219755.82685916,0.194228634814021,2,TRUE,TRUE,TRUE
"2.4.0","C++",5000000,"cpp_openmp",1,"end_to_end",30,2.2489999999998,2.24400000000014,2.25300000000015,2.24953988591013,2.24956666666663,0.0111716492572389,0.0155000000000829,0.496613388826254,2223210.31569607,0.200088928412969,0,TRUE,TRUE,TRUE
"2.4.0","C++",10000,"cpp_sequential",1,"end_to_end",30,0.00700000000006185,0.00699999999997303,0.00700000000051659,0.00725374959302724,0.00726666666663481,0.000449776445099476,0.00075000000003911,6.18958410690066,1428571.42855881,3.88257754316417e-09,8,TRUE,TRUE,TRUE
"2.4.0","C++",50000,"cpp_sequential",1,"end_to_end",30,0.0239999999994325,0.0239999999994325,0.023999999999944,0.0237965808229839,0.0237999999998313,0.000406838102180214,5.68399494138561e-13,1.70940379068528,2083333.3333826,1.06572736749155e-09,6,TRUE,TRUE,TRUE
"2.4.0","C++",100000,"cpp_sequential",1,"end_to_end",30,0.0450000000000728,0.0440000000003238,0.0450000000000728,0.0448214929741369,0.04483333333333,0.00105318346081233,0.00100000000006167,2.34910809103139,2222222.22221863,1.11111111083043,0,TRUE,TRUE,TRUE
"2.4.0","C++",500000,"cpp_sequential",1,"end_to_end",30,0.227500000000418,0.226500000000215,0.22800000000052,0.227849769486034,0.227866666666763,0.00283735346975714,0.00274999999953701,1.24518145249676,2197812.8139692,0.329670329736759,1,TRUE,TRUE,TRUE
"2.4.0","C++",1000000,"cpp_sequential",1,"end_to_end",30,0.457000000000164,0.455499999999972,0.460000000000946,0.458211837860163,0.458233333333459,0.00452337479555932,0.00575000000031922,0.987133511797063,2188183.80743904,0.492341356780342,0,TRUE,TRUE,TRUE
"2.4.0","C++",2000000,"cpp_sequential",1,"end_to_end",30,0.912000000000035,0.909000000000333,0.914499999999975,0.913110839418986,0.913133333333348,0.00652704365326651,0.00674999999979753,0.714796340797226,2192982.45614026,0.301535087699685,0,TRUE,TRUE,TRUE
"2.4.0","C++",5000000,"cpp_sequential",1,"end_to_end",30,2.27500000000054,2.26399999999989,2.28049999999985,2.27389840721113,2.27393333333334,0.0128249039341053,0.0207499999998273,0.563996478969125,2197802.62244655,0.362637362636284,0,TRUE,TRUE,TRUE
"2.4.0","Python/Cython",10000,"cython_openmp",1,"end_to_end",30,0.117000000000189,0.115999999999992,0.118000000000393,0.122992241068537,0.123900000000038,0.016344038246595,0.00200000000040799,13.1913141618967,85470.0854699473,0.854700854870628,5,TRUE,TRUE,TRUE
"2.4.0","Python/Cython",50000,"cython_openmp",1,"end_to_end",30,0.122999999999791,0.121999999999389,0.123999999999796,0.12851489171627,0.129300000000063,0.0154186407558542,0.00275000000124176,11.9247028274143,406504.065041339,0.813008130248124,5,TRUE,TRUE,TRUE
"2.4.0","Python/Cython",100000,"cython_openmp",1,"end_to_end",30,0.127000000000407,0.126999999999953,0.128000000000611,0.133108918330734,0.133866666666707,0.0153930869690567,0.00174999999978798,11.4988199470011,787401.574800623,0.393700787659358,5,TRUE,TRUE,TRUE
"2.4.0","Python/Cython",500000,"cython_openmp",1,"end_to_end",30,0.185000000000172,0.184499999999844,0.185999999999694,0.190851221684194,0.191400000000051,0.0153972680066227,0.00274999999980025,8.0445496377318,2702702.70270018,0.405405405364617,5,TRUE,TRUE,TRUE
"2.4.0","Python/Cython",1000000,"cython_openmp",1,"end_to_end",30,0.260999999999967,0.259499999999207,0.26299999999992,0.26766810301511,0.268133333333242,0.0165419703061694,0.00474999999937548,6.16930767261624,3831417.62452156,0.670498084427859,6,TRUE,TRUE,TRUE
"2.4.0","Python/Cython",2000000,"cython_openmp",1,"end_to_end",30,0.412000000000262,0.409000000000049,0.415999999999258,0.420393405896606,0.420866666666647,0.0208173225833502,0.010499999999865,4.9462987288178,4854397.53038109,0.849514563010264,6,TRUE,TRUE,TRUE
"2.4.0","Python/Cython",5000000,"cython_openmp",1,"end_to_end",30,0.975499999999784,0.970000000000255,0.987500000000182,0.983379115291707,0.983599999999937,0.0213422036156913,0.0250000000006592,2.16980516629653,5125577.97393977,0.896975909786332,0,TRUE,TRUE,TRUE
"2.4.0","Python/Cython",10000,"cython_sequential",1,"end_to_end",30,0.115999999999985,0.115999999999985,0.117000000000189,0.122089830362726,0.122899999999936,0.0153068612066884,0.00174999999899274,12.4547284025194,86206.896551735,0.431034482846603,5,TRUE,TRUE,TRUE
"2.4.0","Python/Cython",50000,"cython_sequential",1,"end_to_end",30,0.122999999999593,0.122000000000184,0.123000000001412,0.128405915321774,0.129166666666648,0.015163666496257,0.001999999999952,11.7396127712974,406504.065041997,0.406504065540981,5,TRUE,TRUE,TRUE
"2.4.0","Python/Cython",100000,"cython_sequential",1,"end_to_end",30,0.126999999999953,0.126000000000204,0.127999999999702,0.132891316687863,0.133666666666684,0.0155703815498795,0.00200000000040698,11.6486645011552,787401.574803443,0.787401574605798,5,TRUE,TRUE,TRUE
"2.4.0","Python/Cython",500000,"cython_sequential",1,"end_to_end",30,0.185999999999694,0.184000000000651,0.1875,0.191649579920567,0.19223333333336,0.0159496694016813,0.003999999999906,8.29703627623329,2688172.04301517,0.94086021488031,5,TRUE,TRUE,TRUE
"2.4.0","Python/Cython",1000000,"cython_sequential",1,"end_to_end",30,0.259999999999991,0.259000000000015,0.261499999999614,0.265887338386837,0.266333333333304,0.0162147938695092,0.00375000000050102,6.08815789843964,3846153.84615398,0.480769230692226,5,TRUE,TRUE,TRUE
"2.4.0","Python/Cython",2000000,"cython_sequential",1,"end_to_end",30,0.41150000000016,0.409500000000662,0.414999999999964,0.41861505580617,0.418966666666769,0.017785083508387,0.0102499999995867,4.24498770985345,4860274.49034843,0.668286755686497,6,TRUE,TRUE,TRUE
"2.4.0","Python/Cython",5000000,"cython_sequential",1,"end_to_end",30,0.975499999999556,0.969499999999698,0.985499999998865,0.985948884486275,0.986399999999802,0.0309076488692526,0.0269999999994757,3.13337883913816,5125588.74651083,0.820092260336965,3,TRUE,TRUE,TRUE
"2.4.0","R",10000,"r_psock",1,"end_to_end",30,0.497999999999791,0.496499999999858,0.500500000000016,0.499927277380684,0.499999999999937,0.00877299932980861,0.00775000000074022,1.75459986596194,20080.321285149,0.401606425718875,1,TRUE,TRUE,TRUE
"2.4.0","R",50000,"r_psock",1,"end_to_end",30,0.540500000000442,0.538500000000226,0.542000000000826,0.540317141198596,0.540333333333413,0.00425346376765723,0.00475000000005799,0.787192554162234,92507.0171834663,0.323774283126431,0,TRUE,TRUE,TRUE
"2.4.0","R",100000,"r_psock",1,"end_to_end",30,0.594500000000096,0.59150000000011,0.596000000000231,0.593529875476766,0.593566666666694,0.00670914627039091,0.00774999999975645,1.13031048526825,168208.697620435,0.378469301944511,0,TRUE,TRUE,TRUE
"2.4.0","R",500000,"r_psock",1,"end_to_end",30,1.08249999999987,1.07950000000005,1.08950000000038,1.07465157690333,1.07500000000003,0.0274087828863491,0.01299999999992,2.5496542219859,461893.862977375,0.461893764449477,5,TRUE,TRUE,TRUE
"2.4.0","R",1000000,"r_psock",1,"end_to_end",30,1.58799999999996,1.58199999999999,1.60050000000001,1.56834830383897,1.56936666666667,0.0562577095610964,0.02549999999951,3.5847396759476,629723.171631698,0.582493702771422,5,TRUE,TRUE,TRUE
"2.4.0","R",2000000,"r_psock",1,"end_to_end",30,2.58050000000026,2.56949999999961,2.5934999999995,2.51793421971772,2.52143333333333,0.131539081208057,0.0294999999997603,5.2168375609663,775043.625299894,0.465026157719106,6,TRUE,TRUE,TRUE
"2.4.0","R",5000000,"r_psock",1,"end_to_end",30,5.60550000000012,5.58450000000005,5.63150000000019,5.4586277558991,5.46773333333342,0.311719583681551,0.0750000000006148,5.7010751014719,891981.153872721,0.419231112301659,6,TRUE,TRUE,TRUE
"2.4.0","R",10000,"r_sequential",1,"end_to_end",30,0.25399999999945,0.251999999999839,0.255999999999403,0.254422080243417,0.254466666666654,0.0048971021222216,0.00575000000000625,1.92445721334366,39370.0787402426,0.787401574719019,1,TRUE,TRUE,TRUE
"2.4.0","R",50000,"r_sequential",1,"end_to_end",30,0.275499999999738,0.27399999999951,0.276999999999987,0.275630629155467,0.275666666666655,0.00457378838935078,0.00475000000073994,1.65917353906323,181488.801054191,0.544464609887503,1,TRUE,TRUE,TRUE
"2.4.0","R",100000,"r_sequential",1,"end_to_end",30,0.300999999999476,0.299499999999625,0.302000000000434,0.301048014805206,0.301066666666612,0.00341329382153808,0.0047499999999735,1.1337335545412,332225.913621841,0.415282392161672,0,TRUE,TRUE,TRUE
"2.4.0","R",500000,"r_sequential",1,"end_to_end",30,0.498999999999882,0.496000000000095,0.5,0.49817702661516,0.498199999999986,0.00486649346245229,0.00749999999936779,0.976815227308798,1002004.00801627,0.400801603196991,0,TRUE,TRUE,TRUE
"2.4.0","R",1000000,"r_sequential",1,"end_to_end",30,0.724500000000262,0.721999999999753,0.72849999999994,0.728474475724575,0.72869999999993,0.0190356290259443,0.0104999999998294,2.61227240646989,1380262.90721992,0.448585231206672,1,TRUE,TRUE,TRUE
"2.4.0","R",2000000,"r_sequential",1,"end_to_end",30,1.24850000000015,1.24150000000009,1.25250000000023,1.24920113977864,1.24926666666655,0.0130540873064109,0.0154999999998651,1.04494001598902,1601924.61908562,0.440528634366788,0,TRUE,TRUE,TRUE
"2.4.0","R",5000000,"r_sequential",1,"end_to_end",30,2.54299999999967,2.53550000000003,2.55249999999995,2.54300966190557,2.54306666666662,0.0173124100063753,0.0205000000001077,0.680769019282843,1966181.67518705,0.334250884780224,0,TRUE,TRUE,TRUE
"2.4.0","C++",10000,"cpp_openmp",2,"end_to_end",30,0.00799999999981083,0.00799999999981083,0.00799999999981083,0.00782392470868968,0.00783333333323976,0.000379049021796327,8.52599241207841e-14,4.8389236825641,1250000.00002956,0,0,TRUE,TRUE,TRUE
"2.4.0","C++",50000,"cpp_openmp",2,"end_to_end",30,0.0259999999998399,0.0254999999999654,0.0259999999998399,0.0254521609088442,0.0254666666666324,0.000860366134349568,0.0010000000002037,3.37840105111542,1923076.92308876,0.961538461303037,12,TRUE,TRUE,TRUE
"2.4.0","C++",100000,"cpp_openmp",2,"end_to_end",30,0.0460000000000491,0.0459999999991396,0.0460000000002765,0.0456545410148922,0.0456666666666157,0.00106133726095027,0.0010000000002037,2.3240961918645,2173913.04347594,1.23576420835268e-09,14,TRUE,TRUE,TRUE
"2.4.0","C++",500000,"cpp_openmp",2,"end_to_end",30,0.223999999999137,0.221999999999753,0.224500000000262,0.223219755601172,0.223233333333368,0.0025008044682298,0.00300000000061099,1.12026480583668,2232142.85715146,0.558035714401477,0,TRUE,TRUE,TRUE
"2.4.0","C++",1000000,"cpp_openmp",2,"end_to_end",30,0.447000000000003,0.445999999999913,0.447000000000116,0.446694846279715,0.446700000000132,0.00218379612540115,0.00249999999846295,0.488873097246588,2237136.46532437,0.111856823288926,0,TRUE,TRUE,TRUE
"2.4.0","C++",2000000,"cpp_openmp",2,"end_to_end",30,0.890000000000185,0.888999999999953,0.893000000000029,0.891481853575004,0.891500000000036,0.00578791845147397,0.00699999999974199,0.649233701791782,2247191.01123549,0.224719101127821,0,TRUE,TRUE,TRUE
"2.4.0","C++",5000000,"cpp_openmp",2,"end_to_end",30,2.21600000000035,2.21199999999999,2.21950000000001,2.21703856750813,2.2170666666668,0.0113773317679847,0.0100000000002103,0.513170485084676,2256317.68953033,0.169223826715222,2,TRUE,TRUE,TRUE
"2.4.0","Python/Cython",10000,"cython_openmp",2,"end_to_end",30,0.117999999999711,0.117000000000093,0.119000000000597,0.124754134745547,0.125966666666736,0.019200365178483,0.00350000000076998,15.242417447848,84745.7627120721,0.847457627334283,5,TRUE,TRUE,TRUE
"2.4.0","Python/Cython",50000,"cython_openmp",2,"end_to_end",30,0.123999999999796,0.123000000000047,0.125,0.130773195704841,0.131933333333264,0.0191796108215537,0.00200000000032174,14.5373502942627,403225.806452275,0.8064516128856,5,TRUE,TRUE,TRUE
"2.4.0","Python/Cython",100000,"cython_openmp",2,"end_to_end",30,0.128000000000611,0.127999999999702,0.129000000000587,0.134830961894689,0.135800000000138,0.0176682063956587,0.002499999999373,13.0104612633584,781249.99999627,0.390625000344029,5,TRUE,TRUE,TRUE
"2.4.0","Python/Cython",500000,"cython_openmp",2,"end_to_end",30,0.185000000000059,0.184000000000651,0.186000000000149,0.190361606814936,0.190800000000079,0.013674542165909,0.00299999999970199,7.16695082070403,2702702.70270184,0.540540540404689,5,TRUE,TRUE,TRUE
"2.4.0","Python/Cython",1000000,"cython_openmp",2,"end_to_end",30,0.259000000000015,0.256999999999607,0.260000000000218,0.263633592714663,0.263999999999872,0.014564955579591,0.00400000000036027,5.51702862863565,3861003.86100364,0.579150579268502,5,TRUE,TRUE,TRUE
"2.4.0","Python/Cython",2000000,"cython_openmp",2,"end_to_end",30,0.407000000000153,0.403999999999996,0.411000000000058,0.413171750325578,0.413499999999977,0.0171298287931489,0.00974999999942827,4.14264299713418,4914004.91400307,0.859950859958155,4,TRUE,TRUE,TRUE
"2.4.0","Python/Cython",5000000,"cython_openmp",2,"end_to_end",30,0.961499999999887,0.955000000000155,0.964500000000498,0.965519669081754,0.965766666666735,0.022558251542278,0.0167500000013941,2.33578692668447,5200220.66459044,0.494019760808373,1,TRUE,TRUE,TRUE
"2.4.0","R",10000,"r_psock",2,"end_to_end",30,0.701999999999316,0.698999999999898,0.704000000000633,0.674487085437236,0.677299999999938,0.0593947344699409,0.00800000000071999,8.769339210091,14245.0142450281,0.35612535617802,5,TRUE,TRUE,TRUE
"2.4.0","R",50000,"r_psock",2,"end_to_end",30,0.69800000000015,0.695500000000493,0.701499999999669,0.670734556922465,0.674400000000043,0.0672825232214251,0.0117500000006887,9.97664935074448,71633.2378223342,0.429799426874979,7,TRUE,TRUE,TRUE
"2.4.0","R",100000,"r_psock",2,"end_to_end",30,0.746000000000095,0.742999999999995,0.750500000000102,0.714573190269971,0.718266666666567,0.06962408091796,0.00974999999880288,9.69334707415578,134048.257372637,0.502680965154559,5,TRUE,TRUE,TRUE
"2.4.0","R",500000,"r_psock",2,"end_to_end",30,1.16900000000078,1.16650000000027,1.17100000000028,1.11721677809222,1.12330000000021,0.111506347430372,0.0107499999992924,9.92667563699377,427715.996577987,0.192472198460519,5,TRUE,TRUE,TRUE
"2.4.0","R",1000000,"r_psock",2,"end_to_end",30,1.71749999999997,1.71199999999999,1.72699999999941,1.62641311413447,1.63676666666666,0.176647844367102,0.02225000000007,10.7924878948599,582241.67962233,0.4366812226904,6,TRUE,TRUE,TRUE
"2.4.0","R",2000000,"r_psock",2,"end_to_end",30,2.72600000000023,2.71500000000015,2.74099999999999,2.57526175658606,2.5925333333334,0.286536840422943,0.0409999999998099,11.0523878994652,733675.814064526,0.476889214963919,6,TRUE,TRUE,TRUE
"2.4.0","R",5000000,"r_psock",2,"end_to_end",30,5.56250000000023,5.5469999999998,5.58000000000015,5.22973429780015,5.27089999999995,0.627691026013515,0.043249999999655,11.9086119261136,898876.469858926,0.296629213486323,6,TRUE,TRUE,TRUE
"2.4.0","C++",10000,"cpp_openmp",4,"end_to_end",30,0.00799999999981083,0.00700000000051659,0.00799999999981083,0.00758391065863646,0.00760000000007963,0.000498272879157372,0.000999999999947929,6.55622209410726,1250000.00002956,6.24999999573679,12,TRUE,TRUE,TRUE
"2.4.0","C++",50000,"cpp_openmp",4,"end_to_end",30,0.023999999999944,0.0239999999994325,0.0240000000002283,0.0240271125146674,0.0240333333332392,0.000556053416690609,9.09501640666832e-13,2.31367579761215,2083333.33333818,1.6579185940818e-09,9,TRUE,TRUE,TRUE
"2.4.0","C++",100000,"cpp_openmp",4,"end_to_end",30,0.0440000000012332,0.0439999999999827,0.0450000000000728,0.0446229450832266,0.0446333333333257,0.000999425122038962,0.00100000000017538,2.23918996722733,2272727.27266357,1.13636363643418,14,TRUE,TRUE,TRUE
"2.4.0","C++",500000,"cpp_openmp",4,"end_to_end",30,0.221000000000231,0.220499999999902,0.222500000000082,0.221556348785234,0.221566666666571,0.00217641485223187,0.00300000000002079,0.982284422551291,2262443.43891166,0.452488687822949,1,TRUE,TRUE,TRUE
"2.4.0","C++",1000000,"cpp_openmp",4,"end_to_end",30,0.445999999999913,0.44399999999996,0.447000000000116,0.445921613194207,0.44593333333341,0.00328983107563438,0.00500000000027923,0.737740561137798,2242152.46636815,0.336322869972716,0,TRUE,TRUE,TRUE
"2.4.0","C++",2000000,"cpp_openmp",4,"end_to_end",30,0.887000000000626,0.885500000000093,0.890999999999622,0.889893772294647,0.889999999999998,0.0142320667556451,0.00675000000033033,1.59910862422979,2254791.43179097,0.310033821844733,2,TRUE,TRUE,TRUE
"2.4.0","C++",5000000,"cpp_openmp",4,"end_to_end",30,2.2140000000004,2.20999999999959,2.221,2.21440719373867,2.21446666666654,0.016506494716121,0.0174999999989875,0.745393686190291,2258356.37761229,0.248419150867611,0,TRUE,TRUE,TRUE
"2.4.0","Python/Cython",10000,"cython_openmp",4,"end_to_end",30,0.117499999999381,0.116000000000042,0.118000000000393,0.123454531241377,0.124433333333303,0.0170590926979861,0.00275000000021976,13.7094235451301,85107.924091418,0.851063829941075,5,TRUE,TRUE,TRUE
"2.4.0","Python/Cython",50000,"cython_openmp",4,"end_to_end",30,0.12299999999982,0.122000000000298,0.123999999999796,0.129907483088314,0.131000000000091,0.0185081529099114,0.00275000000010575,14.1283609999226,406504.065041246,0.813008129878426,5,TRUE,TRUE,TRUE
"2.4.0","Python/Cython",100000,"cython_openmp",4,"end_to_end",30,0.127999999999702,0.127000000000407,0.128000000000611,0.134472929695384,0.135433333333426,0.0175375131593634,0.003500000001153,12.9491852025731,781250.000001821,0.390625000080588,5,TRUE,TRUE,TRUE
"2.4.0","Python/Cython",500000,"cython_openmp",4,"end_to_end",30,0.184500000000298,0.183000000000007,0.186000000000149,0.189295345237247,0.189700000000051,0.0130678600205419,0.003999999999905,6.88869795494907,2710047.00352081,0.813008130118468,5,TRUE,TRUE,TRUE
"2.4.0","Python/Cython",1000000,"cython_openmp",4,"end_to_end",30,0.259000000000015,0.256999999999834,0.260000000000218,0.264096961260742,0.264433333333359,0.0138829673200175,0.00550000000058054,5.2500821832911,3861003.86100364,0.579150579224586,6,TRUE,TRUE,TRUE
"2.4.0","Python/Cython",2000000,"cython_openmp",4,"end_to_end",30,0.405500000000302,0.403999999999996,0.409499999999753,0.411940695104092,0.412166666666655,0.0141106057773182,0.00924999999955378,3.42351939603362,4932189.98965757,0.678175092447896,6,TRUE,TRUE,TRUE
"2.4.0","Python/Cython",5000000,"cython_openmp",4,"end_to_end",30,0.958999999999889,0.955500000000058,0.961499999999774,0.959477805692074,0.959566666666646,0.0133460140848886,0.01350000000042,1.39083760915228,5213764.33785253,0.312825860256345,1,TRUE,TRUE,TRUE
"2.4.0","R",10000,"r_psock",4,"end_to_end",30,1.09949999999935,1.09500000000003,1.10449999999947,0.984848473489545,1.0120666666667,0.205434096040784,0.0147499999995975,20.2984746763168,9095.0450823116,0.432014552043915,5,TRUE,TRUE,TRUE
"2.4.0","R",50000,"r_psock",4,"end_to_end",30,1.09450000000004,1.08699999999999,1.10300000000097,0.979281341618418,1.01013333333334,0.216407300108445,0.0269999999999899,21.423637154347,45682.9697895521,0.730927364137941,6,TRUE,TRUE,TRUE
"2.4.0","R",100000,"r_psock",4,"end_to_end",30,1.14049999999997,1.13350000000037,1.14750000000049,1.02166852925243,1.05090000000005,0.216440379622305,0.0167500000002325,20.5957160169659,87680.8585881902,0.61376589215804,5,TRUE,TRUE,TRUE
"2.4.0","R",500000,"r_psock",4,"end_to_end",30,1.59150000000023,1.58099999999967,1.59500000000025,1.44284322106965,1.47393333333334,0.269904827841158,0.018750000000185,18.3118748818008,314169.053943463,0.43983663212608,5,TRUE,TRUE,TRUE
"2.4.0","R",1000000,"r_psock",4,"end_to_end",30,2.03299999999968,2.03049999999985,2.03749999999946,1.86251526846699,1.89593333333331,0.321214927867715,0.0162500000004098,16.9423113260515,491883.915396045,0.172159370378909,5,TRUE,TRUE,TRUE
"2.4.0","R",2000000,"r_psock",4,"end_to_end",30,3.14050000000021,3.13400000000013,3.15049999999974,2.83051271388616,2.88829999999994,0.527639450434801,0.0347499999999226,18.2681664105118,636841.283456686,0.262697022760846,6,TRUE,TRUE,TRUE
"2.4.0","R",5000000,"r_psock",4,"end_to_end",30,5.93649999999979,5.91899999999998,5.94750000000067,5.42535108873908,5.5079666666668,0.88465717043129,0.0417500000004747,16.0614111153771,842247.121278394,0.240040427867357,6,TRUE,TRUE,TRUE
"2.4.0","C++",10000,"cpp_openmp",8,"end_to_end",30,0.00799999999981083,0.00750000000016371,0.00799999999981083,0.00765172473107267,0.00766666666665093,0.000479463301503175,0.00099999999974898,6.25386915005425,1250000.00002956,3.12499999786839,11,TRUE,TRUE,TRUE
"2.4.0","C++",50000,"cpp_openmp",8,"end_to_end",30,0.0239999999998872,0.0239999999994325,0.0240000000002283,0.0239889908293052,0.0240000000000208,0.000742781352744738,1.59162613644348e-12,3.09492230310039,2083333.33334312,1.65791859408573e-09,13,TRUE,TRUE,TRUE
"2.4.0","C++",100000,"cpp_openmp",8,"end_to_end",30,0.0440000000000395,0.043999999999869,0.0450000000000728,0.0442938272150953,0.0442999999999676,0.000749712588594233,0.0010000000002038,1.69235347312592,2272727.27272523,1.13636363659421,13,TRUE,TRUE,TRUE
"2.4.0","C++",500000,"cpp_openmp",8,"end_to_end",30,0.222999999999956,0.221999999999753,0.22400000000016,0.222554091782266,0.2225666666667,0.00240234559704967,0.0030000000000425,1.07938247583465,2242152.46636815,0.448430493364883,0,TRUE,TRUE,TRUE
"2.4.0","C++",1000000,"cpp_openmp",8,"end_to_end",30,0.447000000000116,0.445499999999811,0.44900000000004,0.446472917565769,0.446499999999902,0.0049879164331226,0.00549999999907425,1.11711454269288,2237136.4653238,0.391498881457329,0,TRUE,TRUE,TRUE
"2.4.0","C++",2000000,"cpp_openmp",8,"end_to_end",30,0.888500000000249,0.887000000000398,0.890999999999849,0.887603694404404,0.887633333333266,0.00736479666276654,0.00650000000000206,0.82971159218526,2250985.51870142,0.225098480554273,1,TRUE,TRUE,TRUE
"2.4.0","C++",5000000,"cpp_openmp",8,"end_to_end",30,2.22199999999998,2.21049999999971,2.2254999999991,2.21484365004111,2.2149333333332,0.0202364187463088,0.0244999999998248,0.913635568247803,2250225.02250227,0.337533753361603,0,TRUE,TRUE,TRUE
"2.4.0","Python/Cython",10000,"cython_openmp",8,"end_to_end",30,0.115999999999985,0.115999999999985,0.117999999999028,0.123423375211223,0.124633333333104,0.019146411086005,0.00200000000030849,15.3621912966356,86206.896551735,0.862068965105064,5,TRUE,TRUE,TRUE
"2.4.0","Python/Cython",50000,"cython_openmp",8,"end_to_end",30,0.122000000000753,0.121999999999389,0.123000000000047,0.12835529603413,0.129233333333355,0.0163763566604617,0.00274999999896849,12.6719293219956,409836.06557124,0.409836065840914,5,TRUE,TRUE,TRUE
"2.4.0","Python/Cython",100000,"cython_openmp",8,"end_to_end",30,0.126999999999952,0.126000000000204,0.127999999999851,0.133378974353086,0.134366666666686,0.0177656843445477,0.00374999999894501,13.2217943521795,787401.574803442,0.78740157466447,5,TRUE,TRUE,TRUE
"2.4.0","Python/Cython",500000,"cython_openmp",8,"end_to_end",30,0.183500000000095,0.182999999999993,0.184500000000298,0.188701153280941,0.189100000000033,0.0129517672872063,0.00300000000106598,6.84916302866424,2724815.87075168,0.408719346131944,5,TRUE,TRUE,TRUE
"2.4.0","Python/Cython",1000000,"cython_openmp",8,"end_to_end",30,0.259000000000015,0.258500000000367,0.26099999999974,0.264709764363614,0.265033333333281,0.013805254705055,0.00375000000048004,5.20887487299372,3861003.86100364,0.482625482504317,6,TRUE,TRUE,TRUE
"2.4.0","Python/Cython",2000000,"cython_openmp",8,"end_to_end",30,0.406499999999596,0.404000000000224,0.410000000000309,0.411545819599801,0.411733333333439,0.012827592386558,0.00950000000030826,3.11550980891064,4920056.64419945,0.73800738008505,4,TRUE,TRUE,TRUE
"2.4.0","Python/Cython",5000000,"cython_openmp",8,"end_to_end",30,0.960000000000207,0.953000000000202,0.968000000000302,0.964643049644589,0.965066666666762,0.0302323568762701,0.0174999999995008,3.13267030356457,5208355.93904375,0.781250000005042,1,TRUE,TRUE,TRUE
"2.4.0","R",10000,"r_psock",8,"end_to_end",30,1.9045000000001,1.89000000000032,1.90900000000056,1.58803401849964,1.69523333333337,0.48218809345659,0.0272499999999827,28.4437595683926,5250.72233617829,0.498818587561934,6,TRUE,TRUE,TRUE
"2.4.0","R",50000,"r_psock",8,"end_to_end",30,1.90949999999976,1.88900000000013,1.92799999999988,1.58422827973286,1.69776666666664,0.49274639790024,0.0527499999986976,29.0232107612106,26184.910031971,1.02120974076368,5,TRUE,TRUE,TRUE
"2.4.0","R",100000,"r_psock",8,"end_to_end",30,1.93399999999963,1.92650000000015,1.94149999999945,1.61088905468489,1.7232999999999,0.495649149409445,0.0212500000000126,28.7616288173548,51706.3081696067,0.387797311254079,6,TRUE,TRUE,TRUE
"2.4.0","R",500000,"r_psock",8,"end_to_end",30,2.37400000000026,2.3709999999998,2.38199999999961,2.0256596655608,2.13389999999996,0.558842482896235,0.017999999999915,26.1887849897485,210614.995787678,0.231676495362547,6,TRUE,TRUE,TRUE
"2.4.0","R",1000000,"r_psock",8,"end_to_end",30,2.85400000000061,2.84050000000002,2.85950000000048,2.39732071106802,2.52386666666661,0.680158994258853,0.0234999999996726,26.9490858309552,350385.423966288,0.332866152776036,6,TRUE,TRUE,TRUE
"2.4.0","R",2000000,"r_psock",8,"end_to_end",30,3.71599999999995,3.70650000000023,3.72049999999968,3.18310995071131,3.31776666666659,0.820487142236017,0.0262499999992674,24.7301038520703,538213.132400437,0.188374596332687,6,TRUE,TRUE,TRUE
"2.4.0","R",5000000,"r_psock",8,"end_to_end",30,6.85849999999959,6.84799999999984,6.8809999999994,6.00141919215013,6.19659999999991,1.37818405257007,0.0532500000002729,22.240971703355,729022.384861701,0.240577385722515,6,TRUE,TRUE,TRUE
"2.4.0","C++",10000,"cpp_openmp",16,"end_to_end",30,0.00799999999981083,0.00799999999981083,0.0080000000000382,0.00825525816929483,0.00826666666657587,0.000449776445173413,0.000750000000266475,5.44084409489943,1250000.00002956,1.42106378751035e-09,0,TRUE,TRUE,TRUE
"2.4.0","C++",50000,"cpp_openmp",16,"end_to_end",30,0.0250000000000483,0.0249999999996362,0.0250000000005457,0.024959342761822,0.0249666666668427,0.000614947899835806,1.81899981188671e-12,2.46307570025956,1999999.99999614,1.81900328133015e-09,11,TRUE,TRUE,TRUE
"2.4.0","C++",100000,"cpp_openmp",16,"end_to_end",30,0.0450000000000728,0.0450000000000728,0.045999999999367,0.0455276957340566,0.0455333333330913,0.000730296743080218,0.000999999999834175,1.60387278861808,2222222.22221863,1.11111111032509,0,TRUE,TRUE,TRUE
"2.4.0","C++",500000,"cpp_openmp",16,"end_to_end",30,0.222999999999956,0.222000000000051,0.22400000000016,0.223311355776655,0.223333333333389,0.00319841914978081,0.00374999999951373,1.43212797751344,2242152.46636815,0.44843049329807,0,TRUE,TRUE,TRUE
"2.4.0","C++",1000000,"cpp_openmp",16,"end_to_end",30,0.447499999999764,0.445500000000721,0.449000000000524,0.448028631113744,0.448066666666771,0.00599961684601388,0.00499999999981071,1.33900093275089,2234639.6612348,0.391061452492211,1,TRUE,TRUE,TRUE
"2.4.0","C++",2000000,"cpp_openmp",16,"end_to_end",30,0.892999999999802,0.890999999999622,0.895500000000084,0.892026255226643,0.892100000000059,0.0117513022022785,0.00924999999998044,1.31726288558208,2239641.65733532,0.251959686476093,1,TRUE,TRUE,TRUE
"2.4.0","C++",5000000,"cpp_openmp",16,"end_to_end",30,2.21849999999995,2.21199999999999,2.22300000000087,2.21634331274328,2.21640000000005,0.0160786858272922,0.0139999999998097,0.725441519007932,2253775.1877283,0.247915258077092,2,TRUE,TRUE,TRUE
"2.4.0","Python/Cython",10000,"cython_openmp",16,"end_to_end",30,0.117000000000189,0.115999999999985,0.118000000000393,0.12470434319289,0.126166666666719,0.0212766398262772,0.00299999999981601,16.8639153180463,85470.0854699473,0.854700854873831,5,TRUE,TRUE,TRUE
"2.4.0","Python/Cython",50000,"cython_openmp",16,"end_to_end",30,0.122999999999593,0.121999999999957,0.123500000000604,0.13008666703161,0.131400000000021,0.020481446608394,0.002000000000407,15.5870978754876,406504.065041997,0.609756097825995,5,TRUE,TRUE,TRUE
"2.4.0","Python/Cython",100000,"cython_openmp",16,"end_to_end",30,0.127999999999247,0.126999999999953,0.128000000000611,0.134586634747561,0.135733333333413,0.0193318271311557,0.00275000000055997,14.24250525379,781250.000004597,0.390625000259319,5,TRUE,TRUE,TRUE
"2.4.0","Python/Cython",500000,"cython_openmp",16,"end_to_end",30,0.184999999999945,0.184000000000196,0.185999999999694,0.189785511685355,0.19020000000009,0.0132623397321325,0.00349999999934875,6.97283897588133,2702702.7027035,0.540540540405022,5,TRUE,TRUE,TRUE
"2.4.0","Python/Cython",1000000,"cython_openmp",16,"end_to_end",30,0.259000000000015,0.257000000000062,0.263500000000021,0.263725839789119,0.263966666666801,0.0117105414737499,0.00850000000014056,4.43637131218989,3861003.86100364,1.25482625481836,5,TRUE,TRUE,TRUE
"2.4.0","Python/Cython",2000000,"cython_openmp",16,"end_to_end",30,0.406500000000051,0.405000000000087,0.41150000000016,0.415663257765745,0.416166666666691,0.0215199720120296,0.0154999999998612,5.17099848106407,4920056.64419396,0.799507995088885,8,TRUE,TRUE,TRUE
"2.4.0","Python/Cython",5000000,"cython_openmp",16,"end_to_end",30,0.960499999999683,0.956499999999778,0.967499999999745,0.964581055904265,0.964699999999979,0.0155322800688468,0.017749999999069,1.61006323922952,5205623.48248524,0.572618427900601,1,TRUE,TRUE,TRUE
"2.4.0","R",10000,"r_psock",16,"end_to_end",30,3.5184999999999,3.50649999999996,3.53300000000127,2.73850058827218,3.07036666666668,1.04731602724275,0.0415000000004926,34.1104545790214,2842.12303399974,0.376580929391939,6,TRUE,FALSE,TRUE
"2.4.0","R",50000,"r_psock",16,"end_to_end",30,3.53850000000023,3.52400000000012,3.55249999999978,2.73986147409996,3.08183333333345,1.05969159740432,0.0462499999998705,34.3851040204731,14130.2814747268,0.402713013984217,5,TRUE,FALSE,TRUE
"2.4.0","R",100000,"r_psock",16,"end_to_end",30,3.54349999999977,3.52999999999975,3.54900000000043,2.76295912264106,3.09046666666667,1.04747152815667,0.0270000000004975,33.8936361765213,28220.6863245447,0.26809651475499,7,TRUE,FALSE,TRUE
"2.4.0","R",500000,"r_psock",16,"end_to_end",30,3.97550000000001,3.96350000000007,3.98199999999997,3.16883153693788,3.48780000000003,1.12746916465216,0.04099999999994,32.3260841978368,125770.345342495,0.232675135201861,6,TRUE,FALSE,TRUE
"2.4.0","R",1000000,"r_psock",16,"end_to_end",30,4.43650000000025,4.42499999999995,4.44700000000012,3.44664979952223,3.80436666666668,1.30030968415707,0.0349999999997097,34.1793995712927,225402.910560478,0.247943198469111,6,TRUE,FALSE,TRUE
"2.4.0","R",2000000,"r_psock",16,"end_to_end",30,5.45250000000022,5.44500000000011,5.47900000000027,4.43920466642806,4.76383333333341,1.44727856583539,0.0459999999997649,30.3805457615093,366804.221332982,0.311783585512726,7,TRUE,FALSE,TRUE
"2.4.0","R",5000000,"r_psock",16,"end_to_end",30,8.29750000000004,8.2795000000001,8.31599999999981,7.06672013974976,7.3885,1.88088306021586,0.0474999999999497,25.4569000502925,602591.19661285,0.219945766795451,6,TRUE,TRUE,TRUE
